member_no,date,amount,source,reference,description
ILS24-F00001,2024-03-04,170000,mkoba,SAV-ILS24-F00001-0001,Historical savings deposit (Ilboru workbook)
ILS24-F00001,2024-03-04,80000,mkoba,SAV-ILS24-F00001-0002,Historical savings deposit (Ilboru workbook)
ILS24-F00001,2024-03-10,170000,mkoba,SAV-ILS24-F00001-0003,Historical savings deposit (Ilboru workbook)
ILS24-F00001,2024-03-10,90000,mkoba,SAV-ILS24-F00001-0004,Historical savings deposit (Ilboru workbook)
ILS24-F00001,2024-12-29,400000,mkoba,SAV-ILS24-F00001-0005,Historical savings deposit (Ilboru workbook)
ILS24-F00001,2025-03-23,100000,mkoba,SAV-ILS24-F00001-0006,Historical savings deposit (Ilboru workbook)
ILS24-F00001,2025-08-15,1000000,nmb,SAV-ILS24-F00001-0007,Historical savings deposit (Ilboru workbook)
ILS24-F00001,2025-09-12,190000,nmb,SAV-ILS24-F00001-0008,Historical savings deposit (Ilboru workbook)
ILS24-F00001,2025-10-11,300000,nmb,SAV-ILS24-F00001-0009,Historical savings deposit (Ilboru workbook)
ILS24-F00001,2025-10-11,200000,nmb,SAV-ILS24-F00001-0010,Historical savings deposit (Ilboru workbook)
ILS24-F00001,2025-11-20,1000000,nmb,SAV-ILS24-F00001-0011,Historical savings deposit (Ilboru workbook)
ILS24-F00001,2025-12-23,1200000,nmb,SAV-ILS24-F00001-0012,Historical savings deposit (Ilboru workbook)
ILS24-F00001,2025-12-23,100000,nmb,SAV-ILS24-F00001-0013,Historical savings deposit (Ilboru workbook)
ILS24-F00001,2026-01-19,2000000,nmb,SAV-ILS24-F00001-0014,Historical savings deposit (Ilboru workbook)
ILS24-F00001,2026-01-19,2000000,nmb,SAV-ILS24-F00001-0015,Historical savings deposit (Ilboru workbook)
ILS24-F00001,2026-02-05,1000000,nmb,SAV-ILS24-F00001-0016,Historical savings deposit (Ilboru workbook)
ILS24-F00001,2026-02-05,300000,nmb,SAV-ILS24-F00001-0017,Historical savings deposit (Ilboru workbook)
ILS24-F00001,2026-02-05,500000,nmb,SAV-ILS24-F00001-0018,Historical savings deposit (Ilboru workbook)
ILS24-F00001,2026-03-06,125000,nmb,SAV-ILS24-F00001-0019,Historical savings deposit (Ilboru workbook)
ILS24-F00001,2026-03-06,1200000,nmb,SAV-ILS24-F00001-0020,Historical savings deposit (Ilboru workbook)
ILS24-F00001,2026-03-06,300000,nmb,SAV-ILS24-F00001-0021,Historical savings deposit (Ilboru workbook)
ILS24-F00001,2026-03-06,700000,nmb,SAV-ILS24-F00001-0022,Historical savings deposit (Ilboru workbook)
ILS24-F00001,2026-03-06,1300000,nmb,SAV-ILS24-F00001-0023,Historical savings deposit (Ilboru workbook)
ILS24-F00001,2026-03-06,1000000,nmb,SAV-ILS24-F00001-0024,Historical savings deposit (Ilboru workbook)
ILS24-F00001,2026-03-06,925225,nmb,SAV-ILS24-F00001-0025,Historical savings deposit (Ilboru workbook)
ILS24-F00001,2026-03-06,1500000,nmb,SAV-ILS24-F00001-0026,Historical savings deposit (Ilboru workbook)
ILS24-F00001,2026-04-01,3500000,nmb,SAV-ILS24-F00001-0027,Historical savings deposit (Ilboru workbook)
ILS24-F00001,2026-04-01,1500000,nmb,SAV-ILS24-F00001-0028,Historical savings deposit (Ilboru workbook)
ILS24-F00001,2026-04-30,3000000,nmb,SAV-ILS24-F00001-0029,Historical savings deposit (Ilboru workbook)
ILS24-F00001,2026-04-30,326589,nmb,SAV-ILS24-F00001-0030,Historical savings deposit (Ilboru workbook)
ILS24-F00001,2026-05-22,500000,nmb,SAV-ILS24-F00001-0031,Historical savings deposit (Ilboru workbook)
ILS24-F00001,2026-05-27,355488,nmb,SAV-ILS24-F00001-0032,Historical savings deposit (Ilboru workbook)
ILS24-F00001,2026-05-28,2000000,nmb,SAV-ILS24-F00001-0033,Historical savings deposit (Ilboru workbook)
ILS24-F00002,2024-03-19,760000,mkoba,SAV-ILS24-F00002-0001,Historical savings deposit (Ilboru workbook)
ILS24-F00002,2024-08-19,40000,mkoba,SAV-ILS24-F00002-0002,Historical savings deposit (Ilboru workbook)
ILS24-F00002,2025-08-15,1000000,nmb,SAV-ILS24-F00002-0003,Historical savings deposit (Ilboru workbook)
ILS24-F00002,2025-08-16,500000,utt,SAV-ILS24-F00002-0004,Historical savings deposit (Ilboru workbook)
ILS24-F00002,2025-09-05,400000,nmb,SAV-ILS24-F00002-0005,Historical savings deposit (Ilboru workbook)
ILS24-F00002,2025-09-11,500000,nmb,SAV-ILS24-F00002-0006,Historical savings deposit (Ilboru workbook)
ILS24-F00002,2025-09-15,300000,nmb,SAV-ILS24-F00002-0007,Historical savings deposit (Ilboru workbook)
ILS24-F00002,2025-10-04,1000000,nmb,SAV-ILS24-F00002-0008,Historical savings deposit (Ilboru workbook)
ILS24-F00002,2025-10-04,500000,nmb,SAV-ILS24-F00002-0009,Historical savings deposit (Ilboru workbook)
ILS24-F00002,2025-10-04,1000000,nmb,SAV-ILS24-F00002-0010,Historical savings deposit (Ilboru workbook)
ILS24-F00002,2025-11-19,1500000,nmb,SAV-ILS24-F00002-0011,Historical savings deposit (Ilboru workbook)
ILS24-F00002,2025-11-19,100000,nmb,SAV-ILS24-F00002-0012,Historical savings deposit (Ilboru workbook)
ILS24-F00002,2025-12-23,1000000,nmb,SAV-ILS24-F00002-0013,Historical savings deposit (Ilboru workbook)
ILS24-F00002,2026-01-30,200000,nmb,SAV-ILS24-F00002-0014,Historical savings deposit (Ilboru workbook)
ILS24-F00002,2026-03-03,2500000,nmb,SAV-ILS24-F00002-0015,Historical savings deposit (Ilboru workbook)
ILS24-F00002,2026-03-03,3000000,nmb,SAV-ILS24-F00002-0016,Historical savings deposit (Ilboru workbook)
ILS24-F00002,2026-03-03,1500000,nmb,SAV-ILS24-F00002-0017,Historical savings deposit (Ilboru workbook)
ILS24-F00002,2026-03-03,1500000,nmb,SAV-ILS24-F00002-0018,Historical savings deposit (Ilboru workbook)
ILS24-F00002,2026-03-03,1000000,nmb,SAV-ILS24-F00002-0019,Historical savings deposit (Ilboru workbook)
ILS24-F00002,2026-03-03,1160000,nmb,SAV-ILS24-F00002-0020,Historical savings deposit (Ilboru workbook)
ILS24-F00002,2026-03-03,500000,nmb,SAV-ILS24-F00002-0021,Historical savings deposit (Ilboru workbook)
ILS24-F00002,2026-03-03,1000000,nmb,SAV-ILS24-F00002-0022,Historical savings deposit (Ilboru workbook)
ILS24-F00002,2026-03-03,1000000,nmb,SAV-ILS24-F00002-0023,Historical savings deposit (Ilboru workbook)
ILS24-F00003,2024-02-29,170000,mkoba,SAV-ILS24-F00003-0001,Historical savings deposit (Ilboru workbook)
ILS24-F00003,2024-02-29,30000,mkoba,SAV-ILS24-F00003-0002,Historical savings deposit (Ilboru workbook)
ILS24-F00003,2024-03-02,360000,mkoba,SAV-ILS24-F00003-0003,Historical savings deposit (Ilboru workbook)
ILS24-F00003,2024-03-03,140000,mkoba,SAV-ILS24-F00003-0004,Historical savings deposit (Ilboru workbook)
ILS24-F00003,2024-07-19,100000,mkoba,SAV-ILS24-F00003-0005,Historical savings deposit (Ilboru workbook)
ILS24-F00003,2024-12-22,200000,mkoba,SAV-ILS24-F00003-0006,Historical savings deposit (Ilboru workbook)
ILS24-F00003,2025-03-11,100000,nmb,SAV-ILS24-F00003-0007,Historical savings deposit (Ilboru workbook)
ILS24-F00003,2025-03-12,100000,nmb,SAV-ILS24-F00003-0008,Historical savings deposit (Ilboru workbook)
ILS24-F00003,2025-08-15,700000,nmb,SAV-ILS24-F00003-0009,Historical savings deposit (Ilboru workbook)
ILS24-F00003,2025-10-07,300000,nmb,SAV-ILS24-F00003-0010,Historical savings deposit (Ilboru workbook)
ILS24-F00003,2025-10-07,300000,nmb,SAV-ILS24-F00003-0011,Historical savings deposit (Ilboru workbook)
ILS24-F00003,2025-11-05,100000,nmb,SAV-ILS24-F00003-0012,Historical savings deposit (Ilboru workbook)
ILS24-F00003,2025-11-05,1000000,nmb,SAV-ILS24-F00003-0013,Historical savings deposit (Ilboru workbook)
ILS24-F00003,2025-11-05,1000000,nmb,SAV-ILS24-F00003-0014,Historical savings deposit (Ilboru workbook)
ILS24-F00003,2025-11-05,600000,nmb,SAV-ILS24-F00003-0015,Historical savings deposit (Ilboru workbook)
ILS24-F00003,2025-12-07,1200000,nmb,SAV-ILS24-F00003-0016,Historical savings deposit (Ilboru workbook)
ILS24-F00003,2025-12-07,100000,nmb,SAV-ILS24-F00003-0017,Historical savings deposit (Ilboru workbook)
ILS24-F00003,2025-12-07,1300000,nmb,SAV-ILS24-F00003-0018,Historical savings deposit (Ilboru workbook)
ILS24-F00003,2025-12-07,500000,nmb,SAV-ILS24-F00003-0019,Historical savings deposit (Ilboru workbook)
ILS24-F00003,2026-01-04,500000,nmb,SAV-ILS24-F00003-0020,Historical savings deposit (Ilboru workbook)
ILS24-F00003,2026-01-04,1000000,nmb,SAV-ILS24-F00003-0021,Historical savings deposit (Ilboru workbook)
ILS24-F00003,2026-01-04,100000,nmb,SAV-ILS24-F00003-0022,Historical savings deposit (Ilboru workbook)
ILS24-F00003,2026-02-24,500000,nmb,SAV-ILS24-F00003-0023,Historical savings deposit (Ilboru workbook)
ILS24-F00003,2026-02-24,1000000,nmb,SAV-ILS24-F00003-0024,Historical savings deposit (Ilboru workbook)
ILS24-F00003,2026-03-02,1300000,nmb,SAV-ILS24-F00003-0025,Historical savings deposit (Ilboru workbook)
ILS24-F00003,2026-03-02,2000000,nmb,SAV-ILS24-F00003-0026,Historical savings deposit (Ilboru workbook)
ILS24-F00003,2026-03-02,125000,nmb,SAV-ILS24-F00003-0027,Historical savings deposit (Ilboru workbook)
ILS24-F00003,2026-03-02,750000,nmb,SAV-ILS24-F00003-0028,Historical savings deposit (Ilboru workbook)
ILS24-F00003,2026-03-02,2200000,nmb,SAV-ILS24-F00003-0029,Historical savings deposit (Ilboru workbook)
ILS24-F00003,2026-03-02,1120000,nmb,SAV-ILS24-F00003-0030,Historical savings deposit (Ilboru workbook)
ILS24-F00003,2026-03-02,900000,nmb,SAV-ILS24-F00003-0031,Historical savings deposit (Ilboru workbook)
ILS24-F00003,2026-03-02,500000,nmb,SAV-ILS24-F00003-0032,Historical savings deposit (Ilboru workbook)
ILS24-F00003,2026-03-02,100000,nmb,SAV-ILS24-F00003-0033,Historical savings deposit (Ilboru workbook)
ILS24-F00003,2026-03-24,1500000,nmb,SAV-ILS24-F00003-0034,Historical savings deposit (Ilboru workbook)
ILS24-F00003,2026-03-28,400000,nmb,SAV-ILS24-F00003-0035,Historical savings deposit (Ilboru workbook)
ILS24-F00003,2026-03-28,60000,nmb,SAV-ILS24-F00003-0036,Historical savings deposit (Ilboru workbook)
ILS24-F00003,2026-03-28,300000,nmb,SAV-ILS24-F00003-0037,Historical savings deposit (Ilboru workbook)
ILS24-F00003,2026-04-01,3700000,nmb,SAV-ILS24-F00003-0038,Historical savings deposit (Ilboru workbook)
ILS24-F00003,2026-04-01,1000000,nmb,SAV-ILS24-F00003-0039,Historical savings deposit (Ilboru workbook)
ILS24-F00003,2026-04-01,2000000,nmb,SAV-ILS24-F00003-0040,Historical savings deposit (Ilboru workbook)
ILS24-F00003,2026-04-09,150000,nmb,SAV-ILS24-F00003-0041,Historical savings deposit (Ilboru workbook)
ILS24-F00003,2026-04-09,320000,nmb,SAV-ILS24-F00003-0042,Historical savings deposit (Ilboru workbook)
ILS24-F00003,2026-04-11,524210,nmb,SAV-ILS24-F00003-0043,Historical savings deposit (Ilboru workbook)
ILS24-F00003,2026-04-01,900000,nmb,SAV-ILS24-F00003-0044,Historical savings deposit (Ilboru workbook)
ILS24-F00003,2026-04-25,1000000,nmb,SAV-ILS24-F00003-0045,Historical savings deposit (Ilboru workbook)
ILS24-F00003,2026-04-25,1000000,nmb,SAV-ILS24-F00003-0046,Historical savings deposit (Ilboru workbook)
ILS24-F00003,2026-04-25,1000000,nmb,SAV-ILS24-F00003-0047,Historical savings deposit (Ilboru workbook)
ILS24-F00003,2026-04-30,5000000,nmb,SAV-ILS24-F00003-0048,Historical savings deposit (Ilboru workbook)
ILS24-F00003,2026-05-01,500000,nmb,SAV-ILS24-F00003-0049,Historical savings deposit (Ilboru workbook)
ILS24-F00003,2026-05-01,85927,nmb,SAV-ILS24-F00003-0050,Historical savings deposit (Ilboru workbook)
ILS24-F00003,2026-05-09,4000000,nmb,SAV-ILS24-F00003-0051,Historical savings deposit (Ilboru workbook)
ILS24-F00003,2026-05-11,500000,nmb,SAV-ILS24-F00003-0052,Historical savings deposit (Ilboru workbook)
ILS24-F00003,2026-05-15,1000000,nmb,SAV-ILS24-F00003-0053,Historical savings deposit (Ilboru workbook)
ILS24-F00003,2026-05-16,3500000,nmb,SAV-ILS24-F00003-0054,Historical savings deposit (Ilboru workbook)
ILS24-F00004,2024-03-01,100000,mkoba,SAV-ILS24-F00004-0001,Historical savings deposit (Ilboru workbook)
ILS24-F00004,2024-03-02,80000,mkoba,SAV-ILS24-F00004-0002,Historical savings deposit (Ilboru workbook)
ILS24-F00004,2024-08-25,100000,mkoba,SAV-ILS24-F00004-0003,Historical savings deposit (Ilboru workbook)
ILS24-F00004,2024-08-26,100000,mkoba,SAV-ILS24-F00004-0004,Historical savings deposit (Ilboru workbook)
ILS24-F00004,2024-12-31,450000,mkoba,SAV-ILS24-F00004-0005,Historical savings deposit (Ilboru workbook)
ILS24-F00004,2024-12-31,170000,mkoba,SAV-ILS24-F00004-0006,Historical savings deposit (Ilboru workbook)
ILS24-F00004,2025-10-21,200000,nmb,SAV-ILS24-F00004-0007,Historical savings deposit (Ilboru workbook)
ILS24-F00004,2026-01-27,450000,nmb,SAV-ILS24-F00004-0008,Historical savings deposit (Ilboru workbook)
ILS24-F00004,2026-01-27,700000,nmb,SAV-ILS24-F00004-0009,Historical savings deposit (Ilboru workbook)
ILS24-F00004,2026-01-27,200000,nmb,SAV-ILS24-F00004-0010,Historical savings deposit (Ilboru workbook)
ILS24-F00004,2026-01-27,250000,nmb,SAV-ILS24-F00004-0011,Historical savings deposit (Ilboru workbook)
ILS24-F00004,2026-02-06,100000,nmb,SAV-ILS24-F00004-0012,Historical savings deposit (Ilboru workbook)
ILS24-F00004,2026-02-06,150000,nmb,SAV-ILS24-F00004-0013,Historical savings deposit (Ilboru workbook)
ILS24-F00004,2026-03-01,200000,nmb,SAV-ILS24-F00004-0014,Historical savings deposit (Ilboru workbook)
ILS24-F00004,2026-03-01,150000,nmb,SAV-ILS24-F00004-0015,Historical savings deposit (Ilboru workbook)
ILS24-F00004,2026-03-01,150000,nmb,SAV-ILS24-F00004-0016,Historical savings deposit (Ilboru workbook)
ILS24-F00004,2026-03-01,100000,nmb,SAV-ILS24-F00004-0017,Historical savings deposit (Ilboru workbook)
ILS24-F00004,2026-03-01,160000,nmb,SAV-ILS24-F00004-0018,Historical savings deposit (Ilboru workbook)
ILS24-F00004,2026-04-21,150000,nmb,SAV-ILS24-F00004-0019,Historical savings deposit (Ilboru workbook)
ILS24-F00004,2026-05-22,500000,nmb,SAV-ILS24-F00004-0020,Historical savings deposit (Ilboru workbook)
ILS24-F00004,2026-05-29,300000,nmb,SAV-ILS24-F00004-0021,Historical savings deposit (Ilboru workbook)
ILS24-F00005,2024-03-03,220000,mkoba,SAV-ILS24-F00005-0001,Historical savings deposit (Ilboru workbook)
ILS24-F00005,2024-08-17,900000,mkoba,SAV-ILS24-F00005-0002,Historical savings deposit (Ilboru workbook)
ILS24-F00005,2024-12-24,100000,mkoba,SAV-ILS24-F00005-0003,Historical savings deposit (Ilboru workbook)
ILS24-F00005,2025-05-18,180000,mkoba,SAV-ILS24-F00005-0004,Historical savings deposit (Ilboru workbook)
ILS24-F00005,2025-06-13,200000,mkoba,SAV-ILS24-F00005-0005,Historical savings deposit (Ilboru workbook)
ILS24-F00005,2025-08-15,200000,nmb,SAV-ILS24-F00005-0006,Historical savings deposit (Ilboru workbook)
ILS24-F00005,2025-09-10,100000,nmb,SAV-ILS24-F00005-0007,Historical savings deposit (Ilboru workbook)
ILS24-F00005,2025-09-30,100000,nmb,SAV-ILS24-F00005-0008,Historical savings deposit (Ilboru workbook)
ILS24-F00005,2025-10-06,400000,nmb,SAV-ILS24-F00005-0009,Historical savings deposit (Ilboru workbook)
ILS24-F00005,2025-10-06,200000,nmb,SAV-ILS24-F00005-0010,Historical savings deposit (Ilboru workbook)
ILS24-F00005,2025-10-06,400000,nmb,SAV-ILS24-F00005-0011,Historical savings deposit (Ilboru workbook)
ILS24-F00005,2026-01-31,1000000,nmb,SAV-ILS24-F00005-0012,Historical savings deposit (Ilboru workbook)
ILS24-F00005,2026-02-19,1000000,nmb,SAV-ILS24-F00005-0013,Historical savings deposit (Ilboru workbook)
ILS24-F00005,2026-02-19,1000000,nmb,SAV-ILS24-F00005-0014,Historical savings deposit (Ilboru workbook)
ILS24-F00005,2026-02-19,1000000,nmb,SAV-ILS24-F00005-0015,Historical savings deposit (Ilboru workbook)
ILS24-F00005,2026-03-17,1000000,nmb,SAV-ILS24-F00005-0016,Historical savings deposit (Ilboru workbook)
ILS24-F00005,2026-03-17,1000000,nmb,SAV-ILS24-F00005-0017,Historical savings deposit (Ilboru workbook)
ILS24-F00005,2026-03-17,1000000,nmb,SAV-ILS24-F00005-0018,Historical savings deposit (Ilboru workbook)
ILS24-F00005,2026-04-28,100000,nmb,SAV-ILS24-F00005-0019,Historical savings deposit (Ilboru workbook)
ILS24-F00006,2024-03-01,10000,mkoba,SAV-ILS24-F00006-0001,Historical savings deposit (Ilboru workbook)
ILS24-F00006,2024-03-02,20000,mkoba,SAV-ILS24-F00006-0002,Historical savings deposit (Ilboru workbook)
ILS24-F00006,2024-03-02,120000,mkoba,SAV-ILS24-F00006-0003,Historical savings deposit (Ilboru workbook)
ILS24-F00006,2024-03-02,50000,mkoba,SAV-ILS24-F00006-0004,Historical savings deposit (Ilboru workbook)
ILS24-F00006,2024-03-03,50000,mkoba,SAV-ILS24-F00006-0005,Historical savings deposit (Ilboru workbook)
ILS24-F00006,2024-04-12,150000,mkoba,SAV-ILS24-F00006-0006,Historical savings deposit (Ilboru workbook)
ILS24-F00006,2024-07-13,100000,mkoba,SAV-ILS24-F00006-0007,Historical savings deposit (Ilboru workbook)
ILS24-F00006,2024-07-19,280000,mkoba,SAV-ILS24-F00006-0008,Historical savings deposit (Ilboru workbook)
ILS24-F00006,2024-07-23,20000,mkoba,SAV-ILS24-F00006-0009,Historical savings deposit (Ilboru workbook)
ILS24-F00006,2024-12-22,200000,mkoba,SAV-ILS24-F00006-0010,Historical savings deposit (Ilboru workbook)
ILS24-F00006,2025-02-02,200000,mkoba,SAV-ILS24-F00006-0011,Historical savings deposit (Ilboru workbook)
ILS24-F00006,2025-02-15,100000,mkoba,SAV-ILS24-F00006-0012,Historical savings deposit (Ilboru workbook)
ILS24-F00006,2025-05-18,100000,mkoba,SAV-ILS24-F00006-0013,Historical savings deposit (Ilboru workbook)
ILS24-F00006,2025-06-27,100000,mkoba,SAV-ILS24-F00006-0014,Historical savings deposit (Ilboru workbook)
ILS24-F00006,2025-08-15,200000,nmb,SAV-ILS24-F00006-0015,Historical savings deposit (Ilboru workbook)
ILS24-F00006,2025-09-11,300000,nmb,SAV-ILS24-F00006-0016,Historical savings deposit (Ilboru workbook)
ILS24-F00006,2025-10-06,400000,nmb,SAV-ILS24-F00006-0017,Historical savings deposit (Ilboru workbook)
ILS24-F00006,2025-10-06,200000,nmb,SAV-ILS24-F00006-0018,Historical savings deposit (Ilboru workbook)
ILS24-F00006,2025-11-06,200000,nmb,SAV-ILS24-F00006-0019,Historical savings deposit (Ilboru workbook)
ILS24-F00006,2025-11-06,200000,nmb,SAV-ILS24-F00006-0020,Historical savings deposit (Ilboru workbook)
ILS24-F00006,2025-12-10,200000,nmb,SAV-ILS24-F00006-0021,Historical savings deposit (Ilboru workbook)
ILS24-F00006,2026-01-04,500000,nmb,SAV-ILS24-F00006-0022,Historical savings deposit (Ilboru workbook)
ILS24-F00006,2026-01-04,671957,nmb,SAV-ILS24-F00006-0023,Historical savings deposit (Ilboru workbook)
ILS24-F00006,2026-03-02,936913,nmb,SAV-ILS24-F00006-0024,Historical savings deposit (Ilboru workbook)
ILS24-F00006,2026-03-02,700000,nmb,SAV-ILS24-F00006-0025,Historical savings deposit (Ilboru workbook)
ILS24-F00006,2026-03-02,151559,nmb,SAV-ILS24-F00006-0026,Historical savings deposit (Ilboru workbook)
ILS24-F00006,2026-03-02,2500000,nmb,SAV-ILS24-F00006-0027,Historical savings deposit (Ilboru workbook)
ILS24-F00006,2026-04-30,200000,nmb,SAV-ILS24-F00006-0028,Historical savings deposit (Ilboru workbook)
ILS24-F00006,2026-05-23,900000,nmb,SAV-ILS24-F00006-0029,Historical savings deposit (Ilboru workbook)
ILS24-F00006,2026-05-28,966950,nmb,SAV-ILS24-F00006-0030,Historical savings deposit (Ilboru workbook)
ILS24-F00007,2024-03-06,80000,mkoba,SAV-ILS24-F00007-0001,Historical savings deposit (Ilboru workbook)
ILS24-F00007,2024-03-07,170000,mkoba,SAV-ILS24-F00007-0002,Historical savings deposit (Ilboru workbook)
ILS24-F00007,2024-08-21,550000,mkoba,SAV-ILS24-F00007-0003,Historical savings deposit (Ilboru workbook)
ILS24-F00007,2024-12-22,200000,mkoba,SAV-ILS24-F00007-0004,Historical savings deposit (Ilboru workbook)
ILS24-F00007,2025-03-11,300000,nmb,SAV-ILS24-F00007-0005,Historical savings deposit (Ilboru workbook)
ILS24-F00007,2025-09-09,1000000,nmb,SAV-ILS24-F00007-0006,Historical savings deposit (Ilboru workbook)
ILS24-F00007,2025-10-07,200000,nmb,SAV-ILS24-F00007-0007,Historical savings deposit (Ilboru workbook)
ILS24-F00007,2025-11-11,270000,nmb,SAV-ILS24-F00007-0008,Historical savings deposit (Ilboru workbook)
ILS24-F00007,2025-12-07,1000000,nmb,SAV-ILS24-F00007-0009,Historical savings deposit (Ilboru workbook)
ILS24-F00007,2025-12-07,1195808,nmb,SAV-ILS24-F00007-0010,Historical savings deposit (Ilboru workbook)
ILS24-F00007,2026-01-30,408395,nmb,SAV-ILS24-F00007-0011,Historical savings deposit (Ilboru workbook)
ILS24-F00007,2026-02-19,423558,nmb,SAV-ILS24-F00007-0012,Historical savings deposit (Ilboru workbook)
ILS24-F00007,2026-03-01,2000000,nmb,SAV-ILS24-F00007-0013,Historical savings deposit (Ilboru workbook)
ILS24-F00007,2026-03-01,2000000,nmb,SAV-ILS24-F00007-0014,Historical savings deposit (Ilboru workbook)
ILS24-F00007,2026-03-01,4803148,nmb,SAV-ILS24-F00007-0015,Historical savings deposit (Ilboru workbook)
ILS24-F00007,2026-03-19,1000000,nmb,SAV-ILS24-F00007-0016,Historical savings deposit (Ilboru workbook)
ILS24-F00007,2026-04-11,3000000,nmb,SAV-ILS24-F00007-0017,Historical savings deposit (Ilboru workbook)
ILS24-F00007,2026-04-15,849791,nmb,SAV-ILS24-F00007-0018,Historical savings deposit (Ilboru workbook)
ILS24-F00007,2026-05-01,2998649,nmb,SAV-ILS24-F00007-0019,Historical savings deposit (Ilboru workbook)
ILS24-F00007,2026-05-01,1892620,nmb,SAV-ILS24-F00007-0020,Historical savings deposit (Ilboru workbook)
ILS24-F00008,2024-02-26,1000,mkoba,SAV-ILS24-F00008-0001,Historical savings deposit (Ilboru workbook)
ILS24-F00008,2024-03-01,70000,mkoba,SAV-ILS24-F00008-0002,Historical savings deposit (Ilboru workbook)
ILS24-F00008,2024-03-04,70000,nmb,SAV-ILS24-F00008-0003,Historical savings deposit (Ilboru workbook)
ILS24-F00008,2026-03-30,2000000,nmb,SAV-ILS24-F00008-0004,Historical savings deposit (Ilboru workbook)
ILS24-F00008,2026-04-16,550000,nmb,SAV-ILS24-F00008-0005,Historical savings deposit (Ilboru workbook)
ILS24-F00008,2026-05-06,250000,nmb,SAV-ILS24-F00008-0006,Historical savings deposit (Ilboru workbook)
ILS24-F00009,2024-03-18,80000,mkoba,SAV-ILS24-F00009-0001,Historical savings deposit (Ilboru workbook)
ILS24-F00009,2024-03-18,90000,mkoba,SAV-ILS24-F00009-0002,Historical savings deposit (Ilboru workbook)
ILS24-F00009,2025-01-26,200000,mkoba,SAV-ILS24-F00009-0003,Historical savings deposit (Ilboru workbook)
ILS24-F00009,2025-04-28,200000,nmb,SAV-ILS24-F00009-0004,Historical savings deposit (Ilboru workbook)
ILS24-F00009,2025-08-15,200000,nmb,SAV-ILS24-F00009-0005,Historical savings deposit (Ilboru workbook)
ILS24-F00009,2025-08-26,200000,nmb,SAV-ILS24-F00009-0006,Historical savings deposit (Ilboru workbook)
ILS24-F00009,2025-08-30,200000,nmb,SAV-ILS24-F00009-0007,Historical savings deposit (Ilboru workbook)
ILS24-F00009,2025-10-27,200000,nmb,SAV-ILS24-F00009-0008,Historical savings deposit (Ilboru workbook)
ILS24-F00010,2024-03-04,170000,mkoba,SAV-ILS24-F00010-0001,Historical savings deposit (Ilboru workbook)
ILS24-F00010,2024-03-04,170000,mkoba,SAV-ILS24-F00010-0002,Historical savings deposit (Ilboru workbook)
ILS24-F00010,2024-08-26,460000,mkoba,SAV-ILS24-F00010-0003,Historical savings deposit (Ilboru workbook)
ILS24-F00010,2025-02-02,200000,mkoba,SAV-ILS24-F00010-0004,Historical savings deposit (Ilboru workbook)
ILS24-F00010,2025-09-12,1000000,nmb,SAV-ILS24-F00010-0005,Historical savings deposit (Ilboru workbook)
ILS24-F00010,2025-10-24,1000000,nmb,SAV-ILS24-F00010-0006,Historical savings deposit (Ilboru workbook)
ILS24-F00010,2026-03-03,2000000,nmb,SAV-ILS24-F00010-0007,Historical savings deposit (Ilboru workbook)
ILS24-F00010,2026-03-03,2000000,nmb,SAV-ILS24-F00010-0008,Historical savings deposit (Ilboru workbook)
ILS24-F00010,2026-03-03,3000000,nmb,SAV-ILS24-F00010-0009,Historical savings deposit (Ilboru workbook)
ILS24-F00010,2026-04-29,2000000,nmb,SAV-ILS24-F00010-0010,Historical savings deposit (Ilboru workbook)
ILS24-F00010,2026-04-30,3000000,nmb,SAV-ILS24-F00010-0011,Historical savings deposit (Ilboru workbook)
ILS24-F00010,2026-05-28,3000000,nmb,SAV-ILS24-F00010-0012,Historical savings deposit (Ilboru workbook)
ILS24-F00011,2024-03-04,100000,mkoba,SAV-ILS24-F00011-0001,Historical savings deposit (Ilboru workbook)
ILS24-F00011,2024-03-08,190000,mkoba,SAV-ILS24-F00011-0002,Historical savings deposit (Ilboru workbook)
ILS24-F00011,2024-03-08,110000,mkoba,SAV-ILS24-F00011-0003,Historical savings deposit (Ilboru workbook)
ILS24-F00011,2024-03-08,60000,mkoba,SAV-ILS24-F00011-0004,Historical savings deposit (Ilboru workbook)
ILS24-F00011,2024-05-09,140000,mkoba,SAV-ILS24-F00011-0005,Historical savings deposit (Ilboru workbook)
ILS24-F00011,2024-07-12,140000,mkoba,SAV-ILS24-F00011-0006,Historical savings deposit (Ilboru workbook)
ILS24-F00011,2024-07-31,60000,mkoba,SAV-ILS24-F00011-0007,Historical savings deposit (Ilboru workbook)
ILS24-F00011,2024-12-23,200000,mkoba,SAV-ILS24-F00011-0008,Historical savings deposit (Ilboru workbook)
ILS24-F00011,2025-02-14,300000,mkoba,SAV-ILS24-F00011-0009,Historical savings deposit (Ilboru workbook)
ILS24-F00011,2025-02-24,300000,mkoba,SAV-ILS24-F00011-0010,Historical savings deposit (Ilboru workbook)
ILS24-F00011,2025-03-24,200000,mkoba,SAV-ILS24-F00011-0011,Historical savings deposit (Ilboru workbook)
ILS24-F00011,2025-05-01,100000,nmb,SAV-ILS24-F00011-0012,Historical savings deposit (Ilboru workbook)
ILS24-F00011,2025-05-20,100000,nmb,SAV-ILS24-F00011-0013,Historical savings deposit (Ilboru workbook)
ILS24-F00011,2025-06-25,100000,nmb,SAV-ILS24-F00011-0014,Historical savings deposit (Ilboru workbook)
ILS24-F00011,2025-07-31,100000,nmb,SAV-ILS24-F00011-0015,Historical savings deposit (Ilboru workbook)
ILS24-F00011,2025-08-26,100000,nmb,SAV-ILS24-F00011-0016,Historical savings deposit (Ilboru workbook)
ILS24-F00011,2025-09-18,100000,nmb,SAV-ILS24-F00011-0017,Historical savings deposit (Ilboru workbook)
ILS24-F00011,2025-10-25,300000,nmb,SAV-ILS24-F00011-0018,Historical savings deposit (Ilboru workbook)
ILS24-F00011,2025-12-20,100000,nmb,SAV-ILS24-F00011-0019,Historical savings deposit (Ilboru workbook)
ILS24-F00011,2026-01-12,400000,nmb,SAV-ILS24-F00011-0020,Historical savings deposit (Ilboru workbook)
ILS24-F00011,2026-01-12,600000,nmb,SAV-ILS24-F00011-0021,Historical savings deposit (Ilboru workbook)
ILS24-F00011,2026-01-12,600000,nmb,SAV-ILS24-F00011-0022,Historical savings deposit (Ilboru workbook)
ILS24-F00011,2026-02-17,500000,nmb,SAV-ILS24-F00011-0023,Historical savings deposit (Ilboru workbook)
ILS24-F00011,2026-02-17,912446,nmb,SAV-ILS24-F00011-0024,Historical savings deposit (Ilboru workbook)
ILS24-F00011,2026-03-05,1000000,nmb,SAV-ILS24-F00011-0025,Historical savings deposit (Ilboru workbook)
ILS24-F00011,2026-03-05,1402650,nmb,SAV-ILS24-F00011-0026,Historical savings deposit (Ilboru workbook)
ILS24-F00011,2026-03-25,500000,nmb,SAV-ILS24-F00011-0027,Historical savings deposit (Ilboru workbook)
ILS24-F00011,2026-04-10,1100000,nmb,SAV-ILS24-F00011-0028,Historical savings deposit (Ilboru workbook)
ILS24-F00011,2026-04-20,1015334,nmb,SAV-ILS24-F00011-0029,Historical savings deposit (Ilboru workbook)
ILS24-F00011,2026-04-20,800000,nmb,SAV-ILS24-F00011-0030,Historical savings deposit (Ilboru workbook)
ILS24-F00011,2026-05-07,635793,nmb,SAV-ILS24-F00011-0031,Historical savings deposit (Ilboru workbook)
ILS24-F00011,2026-05-11,1500000,nmb,SAV-ILS24-F00011-0032,Historical savings deposit (Ilboru workbook)
ILS24-F00012,2024-03-18,150000,mkoba,SAV-ILS24-F00012-0001,Historical savings deposit (Ilboru workbook)
ILS24-F00012,2024-03-19,20000,mkoba,SAV-ILS24-F00012-0002,Historical savings deposit (Ilboru workbook)
ILS24-F00012,2024-03-19,200000,mkoba,SAV-ILS24-F00012-0003,Historical savings deposit (Ilboru workbook)
ILS24-F00012,2024-03-31,130000,mkoba,SAV-ILS24-F00012-0004,Historical savings deposit (Ilboru workbook)
ILS24-F00012,2024-08-21,300000,mkoba,SAV-ILS24-F00012-0005,Historical savings deposit (Ilboru workbook)
ILS24-F00012,2024-12-09,200000,mkoba,SAV-ILS24-F00012-0006,Historical savings deposit (Ilboru workbook)
ILS24-F00012,2025-01-02,250000,mkoba,SAV-ILS24-F00012-0007,Historical savings deposit (Ilboru workbook)
ILS24-F00012,2025-08-17,500000,mkoba,SAV-ILS24-F00012-0008,Historical savings deposit (Ilboru workbook)
ILS24-F00012,2025-09-09,150000,mkoba,SAV-ILS24-F00012-0009,Historical savings deposit (Ilboru workbook)
ILS24-F00012,2025-10-21,600000,mkoba,SAV-ILS24-F00012-0010,Historical savings deposit (Ilboru workbook)
ILS24-F00012,2025-10-21,100000,mkoba,SAV-ILS24-F00012-0011,Historical savings deposit (Ilboru workbook)
ILS24-F00012,2025-11-29,150000,mkoba,SAV-ILS24-F00012-0012,Historical savings deposit (Ilboru workbook)
ILS24-F00012,2025-12-07,200000,nmb,SAV-ILS24-F00012-0013,Historical savings deposit (Ilboru workbook)
ILS24-F00012,2025-12-07,200000,nmb,SAV-ILS24-F00012-0014,Historical savings deposit (Ilboru workbook)
ILS24-F00012,2026-01-04,500000,nmb,SAV-ILS24-F00012-0015,Historical savings deposit (Ilboru workbook)
ILS24-F00012,2026-01-04,500000,nmb,SAV-ILS24-F00012-0016,Historical savings deposit (Ilboru workbook)
ILS24-F00012,2026-01-04,600000,nmb,SAV-ILS24-F00012-0017,Historical savings deposit (Ilboru workbook)
ILS24-F00012,2026-02-05,300000,nmb,SAV-ILS24-F00012-0018,Historical savings deposit (Ilboru workbook)
ILS24-F00012,2026-02-05,300000,nmb,SAV-ILS24-F00012-0019,Historical savings deposit (Ilboru workbook)
ILS24-F00012,2026-02-05,600000,nmb,SAV-ILS24-F00012-0020,Historical savings deposit (Ilboru workbook)
ILS24-F00012,2026-03-12,300000,nmb,SAV-ILS24-F00012-0021,Historical savings deposit (Ilboru workbook)
ILS24-F00012,2026-03-12,1361226,nmb,SAV-ILS24-F00012-0022,Historical savings deposit (Ilboru workbook)
ILS24-F00012,2026-03-12,2000000,nmb,SAV-ILS24-F00012-0023,Historical savings deposit (Ilboru workbook)
ILS24-F00012,2026-03-12,1000000,nmb,SAV-ILS24-F00012-0024,Historical savings deposit (Ilboru workbook)
ILS24-F00012,2026-04-01,1000000,nmb,SAV-ILS24-F00012-0025,Historical savings deposit (Ilboru workbook)
ILS24-F00012,2026-04-01,1100000,nmb,SAV-ILS24-F00012-0026,Historical savings deposit (Ilboru workbook)
ILS24-F00012,2026-04-15,681857,nmb,SAV-ILS24-F00012-0027,Historical savings deposit (Ilboru workbook)
ILS24-F00012,2026-04-16,115057,nmb,SAV-ILS24-F00012-0028,Historical savings deposit (Ilboru workbook)
ILS24-F00012,2026-04-16,500000,nmb,SAV-ILS24-F00012-0029,Historical savings deposit (Ilboru workbook)
ILS24-F00012,2026-04-25,500000,nmb,SAV-ILS24-F00012-0030,Historical savings deposit (Ilboru workbook)
ILS24-F00012,2026-05-01,500000,nmb,SAV-ILS24-F00012-0031,Historical savings deposit (Ilboru workbook)
ILS24-F00012,2026-05-08,919906,nmb,SAV-ILS24-F00012-0032,Historical savings deposit (Ilboru workbook)
ILS24-F00013,2024-03-07,50000,mkoba,SAV-ILS24-F00013-0001,Historical savings deposit (Ilboru workbook)
ILS24-F00013,2024-03-31,50000,mkoba,SAV-ILS24-F00013-0002,Historical savings deposit (Ilboru workbook)
ILS24-F00013,2024-12-26,400000,mkoba,SAV-ILS24-F00013-0003,Historical savings deposit (Ilboru workbook)
ILS24-F00013,2024-12-30,450000,mkoba,SAV-ILS24-F00013-0004,Historical savings deposit (Ilboru workbook)
ILS24-F00013,2024-12-31,50000,mkoba,SAV-ILS24-F00013-0005,Historical savings deposit (Ilboru workbook)
ILS24-F00013,2025-09-13,500000,nmb,SAV-ILS24-F00013-0006,Historical savings deposit (Ilboru workbook)
ILS24-F00013,2025-10-27,500000,nmb,SAV-ILS24-F00013-0007,Historical savings deposit (Ilboru workbook)
ILS24-F00013,2025-11-06,500000,nmb,SAV-ILS24-F00013-0008,Historical savings deposit (Ilboru workbook)
ILS24-F00013,2026-01-30,200000,nmb,SAV-ILS24-F00013-0009,Historical savings deposit (Ilboru workbook)
ILS24-F00013,2026-02-28,100000,nmb,SAV-ILS24-F00013-0010,Historical savings deposit (Ilboru workbook)
ILS24-F00013,2026-03-11,1000000,nmb,SAV-ILS24-F00013-0011,Historical savings deposit (Ilboru workbook)
ILS24-F00013,2026-04-19,1000000,nmb,SAV-ILS24-F00013-0012,Historical savings deposit (Ilboru workbook)
ILS24-F00013,2026-04-19,1000000,nmb,SAV-ILS24-F00013-0013,Historical savings deposit (Ilboru workbook)
ILS24-F00014,2024-03-03,120000,mkoba,SAV-ILS24-F00014-0001,Historical savings deposit (Ilboru workbook)
ILS24-F00014,2024-03-03,500000,mkoba,SAV-ILS24-F00014-0002,Historical savings deposit (Ilboru workbook)
ILS24-F00014,2024-03-12,100000,mkoba,SAV-ILS24-F00014-0003,Historical savings deposit (Ilboru workbook)
ILS24-F00014,2024-08-25,80000,mkoba,SAV-ILS24-F00014-0004,Historical savings deposit (Ilboru workbook)
ILS24-F00014,2024-12-26,200000,mkoba,SAV-ILS24-F00014-0005,Historical savings deposit (Ilboru workbook)
ILS24-F00014,2025-09-12,1000000,mkoba,SAV-ILS24-F00014-0006,Historical savings deposit (Ilboru workbook)
ILS24-F00014,2025-10-21,500000,nmb,SAV-ILS24-F00014-0007,Historical savings deposit (Ilboru workbook)
ILS24-F00014,2025-11-29,1000000,nmb,SAV-ILS24-F00014-0008,Historical savings deposit (Ilboru workbook)
ILS24-F00014,2026-03-06,125000,nmb,SAV-ILS24-F00014-0009,Historical savings deposit (Ilboru workbook)
ILS24-F00015,2024-03-01,50000,mkoba,SAV-ILS24-F00015-0001,Historical savings deposit (Ilboru workbook)
ILS24-F00015,2024-03-11,120000,mkoba,SAV-ILS24-F00015-0002,Historical savings deposit (Ilboru workbook)
ILS24-F00015,2024-08-25,630000,mkoba,SAV-ILS24-F00015-0003,Historical savings deposit (Ilboru workbook)
ILS24-F00015,2024-12-28,200000,mkoba,SAV-ILS24-F00015-0004,Historical savings deposit (Ilboru workbook)
ILS24-F00015,2025-08-16,300000,nmb,SAV-ILS24-F00015-0005,Historical savings deposit (Ilboru workbook)
ILS24-F00015,2025-09-27,300000,nmb,SAV-ILS24-F00015-0006,Historical savings deposit (Ilboru workbook)
ILS24-F00015,2025-10-25,400000,nmb,SAV-ILS24-F00015-0007,Historical savings deposit (Ilboru workbook)
ILS24-F00015,2025-11-24,200000,nmb,SAV-ILS24-F00015-0008,Historical savings deposit (Ilboru workbook)
ILS24-F00015,2025-12-23,100000,nmb,SAV-ILS24-F00015-0009,Historical savings deposit (Ilboru workbook)
ILS24-F00015,2025-12-23,700000,nmb,SAV-ILS24-F00015-0010,Historical savings deposit (Ilboru workbook)
ILS24-F00015,2026-02-24,200000,nmb,SAV-ILS24-F00015-0011,Historical savings deposit (Ilboru workbook)
ILS24-F00015,2026-02-24,300000,nmb,SAV-ILS24-F00015-0012,Historical savings deposit (Ilboru workbook)
ILS24-F00015,2026-03-06,125000,nmb,SAV-ILS24-F00015-0013,Historical savings deposit (Ilboru workbook)
ILS24-F00015,2026-03-06,500000,nmb,SAV-ILS24-F00015-0014,Historical savings deposit (Ilboru workbook)
ILS24-F00015,2026-05-12,300000,nmb,SAV-ILS24-F00015-0015,Historical savings deposit (Ilboru workbook)
ILS24-F00016,2024-03-09,60000,mkoba,SAV-ILS24-F00016-0001,Historical savings deposit (Ilboru workbook)
ILS24-F00016,2024-03-09,90000,mkoba,SAV-ILS24-F00016-0002,Historical savings deposit (Ilboru workbook)
ILS24-F00016,2024-08-22,650000,mkoba,SAV-ILS24-F00016-0003,Historical savings deposit (Ilboru workbook)
ILS24-F00016,2025-08-06,200000,nmb,SAV-ILS24-F00016-0004,Historical savings deposit (Ilboru workbook)
ILS24-F00016,2025-10-21,1000000,nmb,SAV-ILS24-F00016-0005,Historical savings deposit (Ilboru workbook)
ILS24-F00016,2025-10-21,500000,nmb,SAV-ILS24-F00016-0006,Historical savings deposit (Ilboru workbook)
ILS24-F00016,2025-11-29,100000,nmb,SAV-ILS24-F00016-0007,Historical savings deposit (Ilboru workbook)
ILS24-F00016,2025-12-13,200000,nmb,SAV-ILS24-F00016-0008,Historical savings deposit (Ilboru workbook)
ILS24-F00016,2026-01-04,1200000,nmb,SAV-ILS24-F00016-0009,Historical savings deposit (Ilboru workbook)
ILS24-F00016,2026-04-29,25000000,nmb,SAV-ILS24-F00016-0010,Historical savings deposit (Ilboru workbook)
ILS24-F00017,2024-08-02,900000,mkoba,SAV-ILS24-F00017-0001,Historical savings deposit (Ilboru workbook)
ILS24-F00017,2025-01-28,100000,mkoba,SAV-ILS24-F00017-0002,Historical savings deposit (Ilboru workbook)
ILS24-F00017,2025-04-28,100000,mkoba,SAV-ILS24-F00017-0003,Historical savings deposit (Ilboru workbook)
ILS24-F00017,2025-03-26,200000,mkoba,SAV-ILS24-F00017-0004,Historical savings deposit (Ilboru workbook)
ILS24-F00017,2025-04-28,100000,mkoba,SAV-ILS24-F00017-0005,Historical savings deposit (Ilboru workbook)
ILS24-F00017,2025-05-22,200000,mkoba,SAV-ILS24-F00017-0006,Historical savings deposit (Ilboru workbook)
ILS24-F00017,2025-06-25,200000,mkoba,SAV-ILS24-F00017-0007,Historical savings deposit (Ilboru workbook)
ILS24-F00017,2025-11-14,500000,nmb,SAV-ILS24-F00017-0008,Historical savings deposit (Ilboru workbook)
ILS24-F00017,2025-12-23,500000,nmb,SAV-ILS24-F00017-0009,Historical savings deposit (Ilboru workbook)
ILS24-F00017,2026-01-21,500000,nmb,SAV-ILS24-F00017-0010,Historical savings deposit (Ilboru workbook)
ILS24-F00018,2024-03-29,170000,mkoba,SAV-ILS24-F00018-0001,Historical savings deposit (Ilboru workbook)
ILS24-F00018,2024-03-29,530000,mkoba,SAV-ILS24-F00018-0002,Historical savings deposit (Ilboru workbook)
ILS24-F00018,2024-08-26,100000,mkoba,SAV-ILS24-F00018-0003,Historical savings deposit (Ilboru workbook)
ILS24-F00018,2024-12-31,200000,mkoba,SAV-ILS24-F00018-0004,Historical savings deposit (Ilboru workbook)
ILS24-F00018,2025-11-29,500000,nmb,SAV-ILS24-F00018-0005,Historical savings deposit (Ilboru workbook)
ILS24-F00018,2025-12-11,1200000,nmb,SAV-ILS24-F00018-0006,Historical savings deposit (Ilboru workbook)
ILS24-F00018,2026-01-25,200000,nmb,SAV-ILS24-F00018-0007,Historical savings deposit (Ilboru workbook)
ILS24-F00018,2026-02-28,300000,nmb,SAV-ILS24-F00018-0008,Historical savings deposit (Ilboru workbook)
ILS24-F00018,2026-04-01,500000,nmb,SAV-ILS24-F00018-0009,Historical savings deposit (Ilboru workbook)
ILS24-F00018,2026-04-04,2249930,nmb,SAV-ILS24-F00018-0010,Historical savings deposit (Ilboru workbook)
ILS24-F00018,2026-04-16,204889,nmb,SAV-ILS24-F00018-0011,Historical savings deposit (Ilboru workbook)
ILS24-F00018,2026-05-28,5565744,nmb,SAV-ILS24-F00018-0012,Historical savings deposit (Ilboru workbook)
ILS24-F00019,2024-03-23,170000,mkoba,SAV-ILS24-F00019-0001,Historical savings deposit (Ilboru workbook)
ILS24-F00019,2024-03-23,80000,mkoba,SAV-ILS24-F00019-0002,Historical savings deposit (Ilboru workbook)
ILS24-F00019,2024-06-05,50000,mkoba,SAV-ILS24-F00019-0003,Historical savings deposit (Ilboru workbook)
ILS24-F00019,2024-12-10,300000,mkoba,SAV-ILS24-F00019-0004,Historical savings deposit (Ilboru workbook)
ILS24-F00019,2024-12-11,200000,mkoba,SAV-ILS24-F00019-0005,Historical savings deposit (Ilboru workbook)
ILS24-F00019,2025-01-02,200000,mkoba,SAV-ILS24-F00019-0006,Historical savings deposit (Ilboru workbook)
ILS24-F00019,2025-09-11,500000,nmb,SAV-ILS24-F00019-0007,Historical savings deposit (Ilboru workbook)
ILS24-F00019,2025-10-01,400000,nmb,SAV-ILS24-F00019-0008,Historical savings deposit (Ilboru workbook)
ILS24-F00019,2025-10-01,300000,nmb,SAV-ILS24-F00019-0009,Historical savings deposit (Ilboru workbook)
ILS24-F00019,2025-11-14,300000,nmb,SAV-ILS24-F00019-0010,Historical savings deposit (Ilboru workbook)
ILS24-F00019,2025-12-07,100000,nmb,SAV-ILS24-F00019-0011,Historical savings deposit (Ilboru workbook)
ILS24-F00019,2026-01-23,300000,nmb,SAV-ILS24-F00019-0012,Historical savings deposit (Ilboru workbook)
ILS24-F00019,2026-02-26,200000,nmb,SAV-ILS24-F00019-0013,Historical savings deposit (Ilboru workbook)
ILS24-F00019,2026-03-01,200000,nmb,SAV-ILS24-F00019-0014,Historical savings deposit (Ilboru workbook)
ILS24-F00019,2026-03-01,200000,nmb,SAV-ILS24-F00019-0015,Historical savings deposit (Ilboru workbook)
ILS24-F00019,2026-04-02,500000,nmb,SAV-ILS24-F00019-0016,Historical savings deposit (Ilboru workbook)
ILS24-F00019,2026-04-28,500000,nmb,SAV-ILS24-F00019-0017,Historical savings deposit (Ilboru workbook)
ILS24-F00019,2026-05-01,700000,nmb,SAV-ILS24-F00019-0018,Historical savings deposit (Ilboru workbook)
ILS24-F00019,2026-05-01,2000000,nmb,SAV-ILS24-F00019-0019,Historical savings deposit (Ilboru workbook)
ILS24-F00020,2024-03-19,50000,mkoba,SAV-ILS24-F00020-0001,Historical savings deposit (Ilboru workbook)
ILS24-F00020,2024-03-19,90000,mkoba,SAV-ILS24-F00020-0002,Historical savings deposit (Ilboru workbook)
ILS24-F00020,2024-08-23,660000,mkoba,SAV-ILS24-F00020-0003,Historical savings deposit (Ilboru workbook)
ILS24-F00020,2024-12-29,200000,mkoba,SAV-ILS24-F00020-0004,Historical savings deposit (Ilboru workbook)
ILS24-F00020,2025-05-22,400000,mkoba,SAV-ILS24-F00020-0005,Historical savings deposit (Ilboru workbook)
ILS24-F00020,2025-09-16,500000,nmb,SAV-ILS24-F00020-0006,Historical savings deposit (Ilboru workbook)
ILS24-F00020,2025-11-29,200000,nmb,SAV-ILS24-F00020-0007,Historical savings deposit (Ilboru workbook)
ILS24-F00020,2025-12-31,500000,nmb,SAV-ILS24-F00020-0008,Historical savings deposit (Ilboru workbook)
ILS24-F00020,2026-03-14,1200000,nmb,SAV-ILS24-F00020-0009,Historical savings deposit (Ilboru workbook)
ILS24-F00020,2026-03-14,2000000,nmb,SAV-ILS24-F00020-0010,Historical savings deposit (Ilboru workbook)
ILS24-F00020,2026-04-16,1920700,nmb,SAV-ILS24-F00020-0011,Historical savings deposit (Ilboru workbook)
ILS24-F00020,2026-04-19,1000000,nmb,SAV-ILS24-F00020-0012,Historical savings deposit (Ilboru workbook)
ILS24-F00020,2026-05-17,2000000,nmb,SAV-ILS24-F00020-0013,Historical savings deposit (Ilboru workbook)
ILS24-F00021,2024-03-10,100000,mkoba,SAV-ILS24-F00021-0001,Historical savings deposit (Ilboru workbook)
ILS24-F00021,2024-03-10,250000,mkoba,SAV-ILS24-F00021-0002,Historical savings deposit (Ilboru workbook)
ILS24-F00021,2024-12-11,450000,mkoba,SAV-ILS24-F00021-0003,Historical savings deposit (Ilboru workbook)
ILS24-F00021,2024-12-24,200000,mkoba,SAV-ILS24-F00021-0004,Historical savings deposit (Ilboru workbook)
ILS24-F00021,2025-09-11,900000,mkoba,SAV-ILS24-F00021-0005,Historical savings deposit (Ilboru workbook)
ILS24-F00021,2025-10-21,600000,nmb,SAV-ILS24-F00021-0006,Historical savings deposit (Ilboru workbook)
ILS24-F00021,2025-12-12,1200000,nmb,SAV-ILS24-F00021-0007,Historical savings deposit (Ilboru workbook)
ILS24-F00021,2026-04-15,3000000,nmb,SAV-ILS24-F00021-0008,Historical savings deposit (Ilboru workbook)
ILS24-F00022,2024-12-24,800000,mkoba,SAV-ILS24-F00022-0001,Historical savings deposit (Ilboru workbook)
ILS24-F00022,2024-12-27,200000,mkoba,SAV-ILS24-F00022-0002,Historical savings deposit (Ilboru workbook)
ILS24-F00022,2025-05-18,400000,mkoba,SAV-ILS24-F00022-0003,Historical savings deposit (Ilboru workbook)
ILS24-F00022,2025-05-30,100000,mkoba,SAV-ILS24-F00022-0004,Historical savings deposit (Ilboru workbook)
ILS24-F00022,2026-01-31,3200000,nmb,SAV-ILS24-F00022-0005,Historical savings deposit (Ilboru workbook)
ILS24-F00023,2024-03-18,220000,mkoba,SAV-ILS24-F00023-0001,Historical savings deposit (Ilboru workbook)
ILS24-F00023,2024-03-18,80000,mkoba,SAV-ILS24-F00023-0002,Historical savings deposit (Ilboru workbook)
ILS24-F00023,2024-08-20,550000,mkoba,SAV-ILS24-F00023-0003,Historical savings deposit (Ilboru workbook)
ILS24-F00023,2025-01-26,150000,mkoba,SAV-ILS24-F00023-0004,Historical savings deposit (Ilboru workbook)
ILS24-F00023,2025-05-01,600000,nmb,SAV-ILS24-F00023-0005,Historical savings deposit (Ilboru workbook)
ILS24-F00023,2025-08-06,500000,nmb,SAV-ILS24-F00023-0006,Historical savings deposit (Ilboru workbook)
ILS24-F00023,2025-10-21,500000,nmb,SAV-ILS24-F00023-0007,Historical savings deposit (Ilboru workbook)
ILS24-F00023,2025-12-08,1000000,nmb,SAV-ILS24-F00023-0008,Historical savings deposit (Ilboru workbook)
ILS24-F00023,2026-02-26,2000000,nmb,SAV-ILS24-F00023-0009,Historical savings deposit (Ilboru workbook)
ILS24-F00023,2026-02-26,1000000,nmb,SAV-ILS24-F00023-0010,Historical savings deposit (Ilboru workbook)
ILS24-F00023,2026-03-14,2000000,nmb,SAV-ILS24-F00023-0011,Historical savings deposit (Ilboru workbook)
ILS24-F00023,2026-04-02,1000000,nmb,SAV-ILS24-F00023-0012,Historical savings deposit (Ilboru workbook)
ILS24-F00023,2026-04-02,2000000,nmb,SAV-ILS24-F00023-0013,Historical savings deposit (Ilboru workbook)
ILS24-F00023,2026-05-01,1000000,nmb,SAV-ILS24-F00023-0014,Historical savings deposit (Ilboru workbook)
ILS24-F00024,2024-03-12,170000,mkoba,SAV-ILS24-F00024-0001,Historical savings deposit (Ilboru workbook)
ILS24-F00024,2024-03-12,130000,mkoba,SAV-ILS24-F00024-0002,Historical savings deposit (Ilboru workbook)
ILS24-F00024,2024-08-20,220000,mkoba,SAV-ILS24-F00024-0003,Historical savings deposit (Ilboru workbook)
ILS24-F00024,2024-08-26,280000,mkoba,SAV-ILS24-F00024-0004,Historical savings deposit (Ilboru workbook)
ILS24-F00024,2025-01-02,200000,mkoba,SAV-ILS24-F00024-0005,Historical savings deposit (Ilboru workbook)
ILS24-F00024,2025-05-24,400000,nmb,SAV-ILS24-F00024-0006,Historical savings deposit (Ilboru workbook)
ILS24-F00024,2025-06-27,100000,nmb,SAV-ILS24-F00024-0007,Historical savings deposit (Ilboru workbook)
ILS24-F00024,2025-08-25,200000,nmb,SAV-ILS24-F00024-0008,Historical savings deposit (Ilboru workbook)
ILS24-F00024,2025-09-11,300000,nmb,SAV-ILS24-F00024-0009,Historical savings deposit (Ilboru workbook)
ILS24-F00024,2025-11-05,200000,nmb,SAV-ILS24-F00024-0010,Historical savings deposit (Ilboru workbook)
ILS24-F00024,2025-11-05,200000,nmb,SAV-ILS24-F00024-0011,Historical savings deposit (Ilboru workbook)
ILS24-F00024,2025-11-05,100000,nmb,SAV-ILS24-F00024-0012,Historical savings deposit (Ilboru workbook)
ILS24-F00024,2025-12-06,100000,nmb,SAV-ILS24-F00024-0013,Historical savings deposit (Ilboru workbook)
ILS24-F00024,2025-12-06,100000,nmb,SAV-ILS24-F00024-0014,Historical savings deposit (Ilboru workbook)
ILS24-F00024,2026-01-30,400000,nmb,SAV-ILS24-F00024-0015,Historical savings deposit (Ilboru workbook)
ILS24-F00024,2026-03-03,500000,nmb,SAV-ILS24-F00024-0016,Historical savings deposit (Ilboru workbook)
ILS24-F00024,2026-03-03,540000,nmb,SAV-ILS24-F00024-0017,Historical savings deposit (Ilboru workbook)
ILS24-F00024,2026-03-03,155000,nmb,SAV-ILS24-F00024-0018,Historical savings deposit (Ilboru workbook)
ILS24-F00024,2026-03-03,644000,nmb,SAV-ILS24-F00024-0019,Historical savings deposit (Ilboru workbook)
ILS24-F00024,2026-03-03,1000000,nmb,SAV-ILS24-F00024-0020,Historical savings deposit (Ilboru workbook)
ILS24-F00024,2026-03-03,150000,nmb,SAV-ILS24-F00024-0021,Historical savings deposit (Ilboru workbook)
ILS24-F00024,2026-04-11,300000,nmb,SAV-ILS24-F00024-0022,Historical savings deposit (Ilboru workbook)
ILS24-F00024,2026-04-11,300000,nmb,SAV-ILS24-F00024-0023,Historical savings deposit (Ilboru workbook)
ILS24-F00025,2024-04-02,30000,mkoba,SAV-ILS24-F00025-0001,Historical savings deposit (Ilboru workbook)
ILS24-F00025,2024-04-02,170000,mkoba,SAV-ILS24-F00025-0002,Historical savings deposit (Ilboru workbook)
ILS24-F00025,2024-12-31,800000,nmb,SAV-ILS24-F00025-0003,Historical savings deposit (Ilboru workbook)
ILS24-F00025,2025-10-16,500000,nmb,SAV-ILS24-F00025-0004,Historical savings deposit (Ilboru workbook)
ILS24-F00026,2025-09-28,1000000,nmb,SAV-ILS24-F00026-0001,Historical savings deposit (Ilboru workbook)
ILS24-F00026,2025-09-28,900000,nmb,SAV-ILS24-F00026-0002,Historical savings deposit (Ilboru workbook)
ILS24-F00027,2025-01-05,1000000,mkoba,SAV-ILS24-F00027-0001,Historical savings deposit (Ilboru workbook)
ILS24-F00027,2025-11-29,1000000,nmb,SAV-ILS24-F00027-0002,Historical savings deposit (Ilboru workbook)
ILS24-F00028,2024-03-03,100000,mkoba,SAV-ILS24-F00028-0001,Historical savings deposit (Ilboru workbook)
ILS24-F00028,2024-03-10,100000,mkoba,SAV-ILS24-F00028-0002,Historical savings deposit (Ilboru workbook)
ILS24-F00028,2024-04-29,50000,mkoba,SAV-ILS24-F00028-0003,Historical savings deposit (Ilboru workbook)
ILS24-F00028,2024-07-23,100000,mkoba,SAV-ILS24-F00028-0004,Historical savings deposit (Ilboru workbook)
ILS24-F00028,2024-08-17,650000,mkoba,SAV-ILS24-F00028-0005,Historical savings deposit (Ilboru workbook)
ILS24-F00028,2025-03-26,200000,mkoba,SAV-ILS24-F00028-0006,Historical savings deposit (Ilboru workbook)
ILS24-F00028,2025-09-28,500000,nmb,SAV-ILS24-F00028-0007,Historical savings deposit (Ilboru workbook)
ILS24-F00028,2026-03-02,1500000,nmb,SAV-ILS24-F00028-0008,Historical savings deposit (Ilboru workbook)
ILS24-F00028,2026-03-02,640000,nmb,SAV-ILS24-F00028-0009,Historical savings deposit (Ilboru workbook)
ILS24-F00028,2026-04-25,1000000,nmb,SAV-ILS24-F00028-0010,Historical savings deposit (Ilboru workbook)
ILS24-F00028,2026-05-22,1500000,nmb,SAV-ILS24-F00028-0011,Historical savings deposit (Ilboru workbook)
ILS24-F00029,2024-12-23,800000,mkoba,SAV-ILS24-F00029-0001,Historical savings deposit (Ilboru workbook)
ILS24-F00029,2024-12-29,200000,mkoba,SAV-ILS24-F00029-0002,Historical savings deposit (Ilboru workbook)
ILS24-F00029,2025-01-30,200000,mkoba,SAV-ILS24-F00029-0003,Historical savings deposit (Ilboru workbook)
ILS24-F00029,2025-06-08,200000,nmb,SAV-ILS24-F00029-0004,Historical savings deposit (Ilboru workbook)
ILS24-F00029,2025-10-16,500000,nmb,SAV-ILS24-F00029-0005,Historical savings deposit (Ilboru workbook)
ILS24-F00029,2025-12-04,500000,nmb,SAV-ILS24-F00029-0006,Historical savings deposit (Ilboru workbook)
ILS24-F00029,2025-12-04,500000,nmb,SAV-ILS24-F00029-0007,Historical savings deposit (Ilboru workbook)
ILS24-F00029,2026-02-06,200000,nmb,SAV-ILS24-F00029-0008,Historical savings deposit (Ilboru workbook)
ILS24-F00029,2026-02-06,200000,nmb,SAV-ILS24-F00029-0009,Historical savings deposit (Ilboru workbook)
ILS24-F00029,2026-03-03,400000,nmb,SAV-ILS24-F00029-0010,Historical savings deposit (Ilboru workbook)
ILS24-F00029,2026-03-03,400000,nmb,SAV-ILS24-F00029-0011,Historical savings deposit (Ilboru workbook)
ILS24-F00029,2026-03-03,300000,nmb,SAV-ILS24-F00029-0012,Historical savings deposit (Ilboru workbook)
ILS24-F00029,2026-05-08,5000000,nmb,SAV-ILS24-F00029-0013,Historical savings deposit (Ilboru workbook)
ILS24-F00029,2026-05-09,350000,nmb,SAV-ILS24-F00029-0014,Historical savings deposit (Ilboru workbook)
ILS24-F00029,2026-05-25,700000,nmb,SAV-ILS24-F00029-0015,Historical savings deposit (Ilboru workbook)
ILS24-F00030,2025-01-12,1000000,mkoba,SAV-ILS24-F00030-0001,Historical savings deposit (Ilboru workbook)
ILS24-F00030,2025-03-12,200000,mkoba,SAV-ILS24-F00030-0002,Historical savings deposit (Ilboru workbook)
ILS24-F00030,2025-09-19,300000,nmb,SAV-ILS24-F00030-0003,Historical savings deposit (Ilboru workbook)
ILS24-F00030,2025-10-02,200000,nmb,SAV-ILS24-F00030-0004,Historical savings deposit (Ilboru workbook)
ILS24-F00030,2025-11-24,200000,nmb,SAV-ILS24-F00030-0005,Historical savings deposit (Ilboru workbook)
ILS24-F00030,2025-12-06,200000,nmb,SAV-ILS24-F00030-0006,Historical savings deposit (Ilboru workbook)
ILS24-F00030,2025-12-06,200000,nmb,SAV-ILS24-F00030-0007,Historical savings deposit (Ilboru workbook)
ILS24-F00030,2026-01-20,200000,nmb,SAV-ILS24-F00030-0008,Historical savings deposit (Ilboru workbook)
ILS24-F00030,2026-01-20,250000,nmb,SAV-ILS24-F00030-0009,Historical savings deposit (Ilboru workbook)
ILS24-F00030,2026-02-06,300000,nmb,SAV-ILS24-F00030-0010,Historical savings deposit (Ilboru workbook)
ILS24-F00030,2026-02-06,200000,nmb,SAV-ILS24-F00030-0011,Historical savings deposit (Ilboru workbook)
ILS24-F00030,2026-03-19,100000,nmb,SAV-ILS24-F00030-0012,Historical savings deposit (Ilboru workbook)
ILS24-F00030,2026-03-27,200000,nmb,SAV-ILS24-F00030-0013,Historical savings deposit (Ilboru workbook)
ILS24-F00030,2026-03-31,200000,nmb,SAV-ILS24-F00030-0014,Historical savings deposit (Ilboru workbook)
ILS24-F00030,2026-04-01,200000,nmb,SAV-ILS24-F00030-0015,Historical savings deposit (Ilboru workbook)
ILS24-F00030,2026-04-01,200000,nmb,SAV-ILS24-F00030-0016,Historical savings deposit (Ilboru workbook)
ILS24-F00030,2026-04-02,200000,nmb,SAV-ILS24-F00030-0017,Historical savings deposit (Ilboru workbook)
ILS24-F00030,2026-04-03,500000,nmb,SAV-ILS24-F00030-0018,Historical savings deposit (Ilboru workbook)
ILS24-F00030,2026-04-04,200000,nmb,SAV-ILS24-F00030-0019,Historical savings deposit (Ilboru workbook)
ILS24-F00030,2026-04-07,200000,nmb,SAV-ILS24-F00030-0020,Historical savings deposit (Ilboru workbook)
ILS24-F00030,2026-04-21,1000000,nmb,SAV-ILS24-F00030-0021,Historical savings deposit (Ilboru workbook)
ILS24-F00030,2026-05-02,3000000,nmb,SAV-ILS24-F00030-0022,Historical savings deposit (Ilboru workbook)
ILS24-F00030,2026-05-03,500000,nmb,SAV-ILS24-F00030-0023,Historical savings deposit (Ilboru workbook)
ILS24-F00031,2024-03-04,50000,mkoba,SAV-ILS24-F00031-0001,Historical savings deposit (Ilboru workbook)
ILS24-F00031,2024-03-04,50000,mkoba,SAV-ILS24-F00031-0002,Historical savings deposit (Ilboru workbook)
ILS24-F00031,2024-03-07,120000,mkoba,SAV-ILS24-F00031-0003,Historical savings deposit (Ilboru workbook)
ILS24-F00031,2024-12-24,800000,mkoba,SAV-ILS24-F00031-0004,Historical savings deposit (Ilboru workbook)
ILS24-F00031,2026-02-18,200000,mkoba,SAV-ILS24-F00031-0005,Historical savings deposit (Ilboru workbook)
ILS24-F00031,2026-03-27,250000,nmb,SAV-ILS24-F00031-0006,Historical savings deposit (Ilboru workbook)
ILS24-F00031,2026-04-01,250000,nmb,SAV-ILS24-F00031-0007,Historical savings deposit (Ilboru workbook)
ILS24-F00031,2026-04-01,500000,nmb,SAV-ILS24-F00031-0008,Historical savings deposit (Ilboru workbook)
ILS24-F00031,2026-04-01,860893,nmb,SAV-ILS24-F00031-0009,Historical savings deposit (Ilboru workbook)
ILS24-F00032,2024-12-26,1000000,mkoba,SAV-ILS24-F00032-0001,Historical savings deposit (Ilboru workbook)
ILS24-F00032,2025-03-13,200000,mkoba,SAV-ILS24-F00032-0002,Historical savings deposit (Ilboru workbook)
ILS24-F00032,2026-05-13,2100000,nmb,SAV-ILS24-F00032-0003,Historical savings deposit (Ilboru workbook)
ILS24-F00033,2024-03-30,50000,mkoba,SAV-ILS24-F00033-0001,Historical savings deposit (Ilboru workbook)
ILS24-F00033,2024-04-01,10000,mkoba,SAV-ILS24-F00033-0002,Historical savings deposit (Ilboru workbook)
ILS24-F00033,2024-04-26,10000,mkoba,SAV-ILS24-F00033-0003,Historical savings deposit (Ilboru workbook)
ILS24-F00033,2024-08-25,150000,mkoba,SAV-ILS24-F00033-0004,Historical savings deposit (Ilboru workbook)
ILS24-F00033,2024-12-05,580000,mkoba,SAV-ILS24-F00033-0005,Historical savings deposit (Ilboru workbook)
ILS24-F00033,2024-12-26,200000,mkoba,SAV-ILS24-F00033-0006,Historical savings deposit (Ilboru workbook)
ILS24-F00033,2025-10-27,500000,nmb,SAV-ILS24-F00033-0007,Historical savings deposit (Ilboru workbook)
ILS24-F00033,2026-01-30,100000,nmb,SAV-ILS24-F00033-0008,Historical savings deposit (Ilboru workbook)
ILS24-F00033,2026-03-26,500000,nmb,SAV-ILS24-F00033-0009,Historical savings deposit (Ilboru workbook)
ILS24-F00033,2026-03-26,800000,nmb,SAV-ILS24-F00033-0010,Historical savings deposit (Ilboru workbook)
ILS24-F00033,2026-04-28,300000,nmb,SAV-ILS24-F00033-0011,Historical savings deposit (Ilboru workbook)
ILS24-F00034,2024-03-09,90000,mkoba,SAV-ILS24-F00034-0001,Historical savings deposit (Ilboru workbook)
ILS24-F00034,2024-03-09,60000,mkoba,SAV-ILS24-F00034-0002,Historical savings deposit (Ilboru workbook)
ILS24-F00034,2024-08-26,600000,mkoba,SAV-ILS24-F00034-0003,Historical savings deposit (Ilboru workbook)
ILS24-F00034,2024-08-26,200000,mkoba,SAV-ILS24-F00034-0004,Historical savings deposit (Ilboru workbook)
ILS24-F00034,2024-12-31,50000,mkoba,SAV-ILS24-F00034-0005,Historical savings deposit (Ilboru workbook)
ILS24-F00034,2026-04-25,1000000,nmb,SAV-ILS24-F00034-0006,Historical savings deposit (Ilboru workbook)
ILS24-F00035,2024-03-12,50000,mkoba,SAV-ILS24-F00035-0001,Historical savings deposit (Ilboru workbook)
ILS24-F00035,2024-03-31,100000,mkoba,SAV-ILS24-F00035-0002,Historical savings deposit (Ilboru workbook)
ILS24-F00035,2024-07-14,100000,mkoba,SAV-ILS24-F00035-0003,Historical savings deposit (Ilboru workbook)
ILS24-F00035,2024-12-26,200000,mkoba,SAV-ILS24-F00035-0004,Historical savings deposit (Ilboru workbook)
ILS24-F00035,2024-12-30,550000,mkoba,SAV-ILS24-F00035-0005,Historical savings deposit (Ilboru workbook)
ILS24-F00035,2026-01-16,500000,nmb,SAV-ILS24-F00035-0006,Historical savings deposit (Ilboru workbook)
ILS24-F00035,2026-01-16,300000,nmb,SAV-ILS24-F00035-0007,Historical savings deposit (Ilboru workbook)
ILS24-F00035,2026-03-08,1070000,nmb,SAV-ILS24-F00035-0008,Historical savings deposit (Ilboru workbook)
ILS24-F00035,2026-03-08,200000,nmb,SAV-ILS24-F00035-0009,Historical savings deposit (Ilboru workbook)
ILS24-F00036,2024-03-10,50000,mkoba,SAV-ILS24-F00036-0001,Historical savings deposit (Ilboru workbook)
ILS24-F00036,2024-03-10,50000,mkoba,SAV-ILS24-F00036-0002,Historical savings deposit (Ilboru workbook)
ILS24-F00036,2025-01-12,1000000,mkoba,SAV-ILS24-F00036-0003,Historical savings deposit (Ilboru workbook)
ILS24-F00036,2026-04-16,1800000,nmb,SAV-ILS24-F00036-0004,Historical savings deposit (Ilboru workbook)
ILS24-F00036,2026-04-16,100000,nmb,SAV-ILS24-F00036-0005,Historical savings deposit (Ilboru workbook)
ILS24-F00036,2026-05-12,500000,nmb,SAV-ILS24-F00036-0006,Historical savings deposit (Ilboru workbook)
ILS24-F00037,2024-03-06,250000,mkoba,SAV-ILS24-F00037-0001,Historical savings deposit (Ilboru workbook)
ILS24-F00037,2024-03-14,100000,mkoba,SAV-ILS24-F00037-0002,Historical savings deposit (Ilboru workbook)
ILS24-F00037,2024-08-26,230000,mkoba,SAV-ILS24-F00037-0003,Historical savings deposit (Ilboru workbook)
ILS24-F00037,2025-01-30,420000,mkoba,SAV-ILS24-F00037-0004,Historical savings deposit (Ilboru workbook)
ILS24-F00037,2025-11-28,200000,nmb,SAV-ILS24-F00037-0005,Historical savings deposit (Ilboru workbook)
ILS24-F00037,2025-12-10,400000,nmb,SAV-ILS24-F00037-0006,Historical savings deposit (Ilboru workbook)
ILS24-F00037,2026-01-31,500000,nmb,SAV-ILS24-F00037-0007,Historical savings deposit (Ilboru workbook)
ILS24-F00037,2026-02-05,1000000,nmb,SAV-ILS24-F00037-0008,Historical savings deposit (Ilboru workbook)
ILS24-F00037,2026-03-09,2000000,nmb,SAV-ILS24-F00037-0009,Historical savings deposit (Ilboru workbook)
ILS24-F00037,2026-04-11,1000000,nmb,SAV-ILS24-F00037-0010,Historical savings deposit (Ilboru workbook)
ILS24-F00038,2024-03-31,100000,mkoba,SAV-ILS24-F00038-0001,Historical savings deposit (Ilboru workbook)
ILS24-F00038,2024-03-31,100000,mkoba,SAV-ILS24-F00038-0002,Historical savings deposit (Ilboru workbook)
ILS24-F00038,2025-02-05,500000,mkoba,SAV-ILS24-F00038-0003,Historical savings deposit (Ilboru workbook)
ILS24-F00038,2025-08-12,300000,nmb,SAV-ILS24-F00038-0004,Historical savings deposit (Ilboru workbook)
ILS24-F00038,2026-01-23,752064,nmb,SAV-ILS24-F00038-0005,Historical savings deposit (Ilboru workbook)
ILS24-F00038,2026-03-01,500000,nmb,SAV-ILS24-F00038-0006,Historical savings deposit (Ilboru workbook)
ILS24-F00038,2026-03-01,650000,nmb,SAV-ILS24-F00038-0007,Historical savings deposit (Ilboru workbook)
ILS24-F00038,2026-03-01,1000000,nmb,SAV-ILS24-F00038-0008,Historical savings deposit (Ilboru workbook)
ILS24-F00038,2026-04-01,608288,nmb,SAV-ILS24-F00038-0009,Historical savings deposit (Ilboru workbook)
ILS24-F00038,2026-04-30,538582,nmb,SAV-ILS24-F00038-0010,Historical savings deposit (Ilboru workbook)
ILS24-F00039,2024-03-21,80000,mkoba,SAV-ILS24-F00039-0001,Historical savings deposit (Ilboru workbook)
ILS24-F00039,2024-03-21,100000,mkoba,SAV-ILS24-F00039-0002,Historical savings deposit (Ilboru workbook)
ILS24-F00039,2025-01-04,820000,mkoba,SAV-ILS24-F00039-0003,Historical savings deposit (Ilboru workbook)
ILS24-F00039,2025-12-12,500000,nmb,SAV-ILS24-F00039-0004,Historical savings deposit (Ilboru workbook)
ILS24-F00039,2026-01-27,100000,nmb,SAV-ILS24-F00039-0005,Historical savings deposit (Ilboru workbook)
ILS24-F00039,2026-05-04,260000,nmb,SAV-ILS24-F00039-0006,Historical savings deposit (Ilboru workbook)
ILS24-F00040,2024-03-05,50000,mkoba,SAV-ILS24-F00040-0001,Historical savings deposit (Ilboru workbook)
ILS24-F00040,2024-03-08,40000,mkoba,SAV-ILS24-F00040-0002,Historical savings deposit (Ilboru workbook)
ILS24-F00040,2024-03-22,50000,mkoba,SAV-ILS24-F00040-0003,Historical savings deposit (Ilboru workbook)
ILS24-F00040,2024-03-22,120000,mkoba,SAV-ILS24-F00040-0004,Historical savings deposit (Ilboru workbook)
ILS24-F00040,2025-01-06,780000,mkoba,SAV-ILS24-F00040-0005,Historical savings deposit (Ilboru workbook)
ILS24-F00040,2025-10-23,500000,nmb,SAV-ILS24-F00040-0006,Historical savings deposit (Ilboru workbook)
ILS24-F00040,2025-11-11,800000,nmb,SAV-ILS24-F00040-0007,Historical savings deposit (Ilboru workbook)
ILS24-F00040,2025-12-03,200000,nmb,SAV-ILS24-F00040-0008,Historical savings deposit (Ilboru workbook)
ILS24-F00040,2025-12-03,300000,nmb,SAV-ILS24-F00040-0009,Historical savings deposit (Ilboru workbook)
ILS24-F00040,2026-01-04,200000,nmb,SAV-ILS24-F00040-0010,Historical savings deposit (Ilboru workbook)
ILS24-F00040,2026-03-04,500000,nmb,SAV-ILS24-F00040-0011,Historical savings deposit (Ilboru workbook)
ILS24-F00040,2026-04-09,400000,nmb,SAV-ILS24-F00040-0012,Historical savings deposit (Ilboru workbook)
ILS24-F00040,2026-04-16,86306,nmb,SAV-ILS24-F00040-0013,Historical savings deposit (Ilboru workbook)
ILS24-F00040,2026-05-03,400000,nmb,SAV-ILS24-F00040-0014,Historical savings deposit (Ilboru workbook)
ILS24-F00041,2024-03-08,100000,mkoba,SAV-ILS24-F00041-0001,Historical savings deposit (Ilboru workbook)
ILS24-F00041,2024-03-08,130000,mkoba,SAV-ILS24-F00041-0002,Historical savings deposit (Ilboru workbook)
ILS24-F00041,2024-04-01,70000,mkoba,SAV-ILS24-F00041-0003,Historical savings deposit (Ilboru workbook)
ILS24-F00041,2024-04-01,120000,mkoba,SAV-ILS24-F00041-0004,Historical savings deposit (Ilboru workbook)
ILS24-F00041,2025-09-10,1500000,nmb,SAV-ILS24-F00041-0005,Historical savings deposit (Ilboru workbook)
ILS24-F00041,2025-10-27,734958,nmb,SAV-ILS24-F00041-0006,Historical savings deposit (Ilboru workbook)
ILS24-F00042,2024-04-27,250000,mkoba,SAV-ILS24-F00042-0001,Historical savings deposit (Ilboru workbook)
ILS24-F00042,2024-04-11,100000,mkoba,SAV-ILS24-F00042-0002,Historical savings deposit (Ilboru workbook)
ILS24-F00042,2024-08-26,450000,mkoba,SAV-ILS24-F00042-0003,Historical savings deposit (Ilboru workbook)
ILS24-F00042,2024-12-31,200000,mkoba,SAV-ILS24-F00042-0004,Historical savings deposit (Ilboru workbook)
ILS24-F00042,2026-01-15,2000000,nmb,SAV-ILS24-F00042-0005,Historical savings deposit (Ilboru workbook)
ILS24-F00042,2026-04-30,10000000,nmb,SAV-ILS24-F00042-0006,Historical savings deposit (Ilboru workbook)
ILS24-F00043,2024-03-06,50000,mkoba,SAV-ILS24-F00043-0001,Historical savings deposit (Ilboru workbook)
ILS24-F00043,2024-03-30,150000,mkoba,SAV-ILS24-F00043-0002,Historical savings deposit (Ilboru workbook)
ILS24-F00043,2024-12-23,300000,mkoba,SAV-ILS24-F00043-0003,Historical savings deposit (Ilboru workbook)
ILS24-F00043,2025-01-02,500000,nmb,SAV-ILS24-F00043-0004,Historical savings deposit (Ilboru workbook)
ILS24-F00043,2025-12-31,200000,nmb,SAV-ILS24-F00043-0005,Historical savings deposit (Ilboru workbook)
ILS24-F00043,2025-12-31,300000,nmb,SAV-ILS24-F00043-0006,Historical savings deposit (Ilboru workbook)
ILS24-F00043,2026-02-25,500000,nmb,SAV-ILS24-F00043-0007,Historical savings deposit (Ilboru workbook)
ILS24-F00043,2026-03-18,1000000,nmb,SAV-ILS24-F00043-0008,Historical savings deposit (Ilboru workbook)
ILS24-F00044,2024-03-10,280000,mkoba,SAV-ILS24-F00044-0001,Historical savings deposit (Ilboru workbook)
ILS24-F00044,2024-03-10,70000,mkoba,SAV-ILS24-F00044-0002,Historical savings deposit (Ilboru workbook)
ILS24-F00044,2024-03-10,280000,mkoba,SAV-ILS24-F00044-0003,Historical savings deposit (Ilboru workbook)
ILS24-F00044,2026-02-10,2000000,nmb,SAV-ILS24-F00044-0004,Historical savings deposit (Ilboru workbook)
ILS24-F00044,2026-04-25,500000,nmb,SAV-ILS24-F00044-0005,Historical savings deposit (Ilboru workbook)
ILS24-F00044,2026-04-27,1000000,nmb,SAV-ILS24-F00044-0006,Historical savings deposit (Ilboru workbook)
ILS24-F00044,2026-05-08,1000000,nmb,SAV-ILS24-F00044-0007,Historical savings deposit (Ilboru workbook)
ILS24-F00044,2026-05-11,1500000,nmb,SAV-ILS24-F00044-0008,Historical savings deposit (Ilboru workbook)
ILS24-F00044,2026-05-11,2200000,nmb,SAV-ILS24-F00044-0009,Historical savings deposit (Ilboru workbook)
ILS24-F00044,2026-05-13,1000000,nmb,SAV-ILS24-F00044-0010,Historical savings deposit (Ilboru workbook)
ILS24-F00044,2026-05-15,500000,nmb,SAV-ILS24-F00044-0011,Historical savings deposit (Ilboru workbook)
ILS24-F00044,2026-05-26,500000,nmb,SAV-ILS24-F00044-0012,Historical savings deposit (Ilboru workbook)
ILS24-F00045,2024-03-09,290000,mkoba,SAV-ILS24-F00045-0001,Historical savings deposit (Ilboru workbook)
ILS24-F00045,2024-03-09,110000,mkoba,SAV-ILS24-F00045-0002,Historical savings deposit (Ilboru workbook)
ILS24-F00045,2024-08-19,340000,mkoba,SAV-ILS24-F00045-0003,Historical savings deposit (Ilboru workbook)
ILS24-F00045,2024-08-19,60000,mkoba,SAV-ILS24-F00045-0004,Historical savings deposit (Ilboru workbook)
ILS24-F00045,2026-04-07,2500000,nmb,SAV-ILS24-F00045-0005,Historical savings deposit (Ilboru workbook)
ILS24-F00046,2025-01-03,1000000,mkoba,SAV-ILS24-F00046-0001,Historical savings deposit (Ilboru workbook)
ILS24-F00046,2026-03-15,350000,mkoba,SAV-ILS24-F00046-0002,Historical savings deposit (Ilboru workbook)
ILS24-F00046,2026-03-15,1600000,mkoba,SAV-ILS24-F00046-0003,Historical savings deposit (Ilboru workbook)
ILS24-F00046,2026-04-20,200000,mkoba,SAV-ILS24-F00046-0004,Historical savings deposit (Ilboru workbook)
ILS24-F00047,2024-03-18,63000,mkoba,SAV-ILS24-F00047-0001,Historical savings deposit (Ilboru workbook)
ILS24-F00047,2024-04-10,50000,mkoba,SAV-ILS24-F00047-0002,Historical savings deposit (Ilboru workbook)
ILS24-F00047,2024-12-09,100000,mkoba,SAV-ILS24-F00047-0003,Historical savings deposit (Ilboru workbook)
ILS24-F00047,2024-12-27,300000,mkoba,SAV-ILS24-F00047-0004,Historical savings deposit (Ilboru workbook)
ILS24-F00047,2025-09-09,200000,mkoba,SAV-ILS24-F00047-0005,Historical savings deposit (Ilboru workbook)
ILS24-F00047,2026-03-12,100000,nmb,SAV-ILS24-F00047-0006,Historical savings deposit (Ilboru workbook)
ILS24-F00048,2024-03-19,50000,mkoba,SAV-ILS24-F00048-0001,Historical savings deposit (Ilboru workbook)
ILS24-F00048,2024-03-19,50000,mkoba,SAV-ILS24-F00048-0002,Historical savings deposit (Ilboru workbook)
ILS24-F00048,2024-04-04,110000,mkoba,SAV-ILS24-F00048-0003,Historical savings deposit (Ilboru workbook)
ILS24-F00048,2024-12-15,150000,mkoba,SAV-ILS24-F00048-0004,Historical savings deposit (Ilboru workbook)
ILS24-F00048,2024-12-23,100000,mkoba,SAV-ILS24-F00048-0005,Historical savings deposit (Ilboru workbook)
ILS24-F00048,2025-01-01,50000,mkoba,SAV-ILS24-F00048-0006,Historical savings deposit (Ilboru workbook)
ILS24-F00048,2025-01-04,200000,mkoba,SAV-ILS24-F00048-0007,Historical savings deposit (Ilboru workbook)
ILS24-F00048,2025-02-20,300000,mkoba,SAV-ILS24-F00048-0008,Historical savings deposit (Ilboru workbook)
ILS24-F00048,2025-02-23,100000,nmb,SAV-ILS24-F00048-0009,Historical savings deposit (Ilboru workbook)
ILS24-F00048,2026-02-22,300000,nmb,SAV-ILS24-F00048-0010,Historical savings deposit (Ilboru workbook)
ILS24-F00048,2026-03-30,250000,nmb,SAV-ILS24-F00048-0011,Historical savings deposit (Ilboru workbook)
ILS24-F00048,2026-05-01,300000,nmb,SAV-ILS24-F00048-0012,Historical savings deposit (Ilboru workbook)
ILS24-F00048,2026-05-01,150000,nmb,SAV-ILS24-F00048-0013,Historical savings deposit (Ilboru workbook)
ILS24-F00049,2024-03-08,50000,mkoba,SAV-ILS24-F00049-0001,Historical savings deposit (Ilboru workbook)
ILS24-F00049,2024-03-09,90000,mkoba,SAV-ILS24-F00049-0002,Historical savings deposit (Ilboru workbook)
ILS24-F00049,2024-03-09,30000,mkoba,SAV-ILS24-F00049-0003,Historical savings deposit (Ilboru workbook)
ILS24-F00049,2024-03-29,150000,mkoba,SAV-ILS24-F00049-0004,Historical savings deposit (Ilboru workbook)
ILS24-F00049,2024-03-29,30000,mkoba,SAV-ILS24-F00049-0005,Historical savings deposit (Ilboru workbook)
ILS24-F00049,2025-09-05,250000,mkoba,SAV-ILS24-F00049-0006,Historical savings deposit (Ilboru workbook)
ILS24-F00049,2025-09-09,100000,nmb,SAV-ILS24-F00049-0007,Historical savings deposit (Ilboru workbook)
ILS24-F00049,2025-11-05,150000,nmb,SAV-ILS24-F00049-0008,Historical savings deposit (Ilboru workbook)
ILS24-F00049,2025-11-05,500000,nmb,SAV-ILS24-F00049-0009,Historical savings deposit (Ilboru workbook)
ILS24-F00049,2025-12-10,300000,nmb,SAV-ILS24-F00049-0010,Historical savings deposit (Ilboru workbook)
ILS24-F00049,2026-01-31,294949,nmb,SAV-ILS24-F00049-0011,Historical savings deposit (Ilboru workbook)
ILS24-F00049,2026-02-14,150000,nmb,SAV-ILS24-F00049-0012,Historical savings deposit (Ilboru workbook)
ILS24-F00049,2026-02-14,750000,nmb,SAV-ILS24-F00049-0013,Historical savings deposit (Ilboru workbook)
ILS24-F00049,2026-02-14,100000,nmb,SAV-ILS24-F00049-0014,Historical savings deposit (Ilboru workbook)
ILS24-F00049,2026-03-01,200000,nmb,SAV-ILS24-F00049-0015,Historical savings deposit (Ilboru workbook)
ILS24-F00049,2026-03-01,150000,nmb,SAV-ILS24-F00049-0016,Historical savings deposit (Ilboru workbook)
ILS24-F00049,2026-04-20,690335,nmb,SAV-ILS24-F00049-0017,Historical savings deposit (Ilboru workbook)
ILS24-F00049,2026-04-20,500000,nmb,SAV-ILS24-F00049-0018,Historical savings deposit (Ilboru workbook)
ILS24-F00049,2026-05-01,340000,nmb,SAV-ILS24-F00049-0019,Historical savings deposit (Ilboru workbook)
ILS24-F00049,2026-05-01,335238,nmb,SAV-ILS24-F00049-0020,Historical savings deposit (Ilboru workbook)
ILS24-F00050,2024-04-10,90000,mkoba,SAV-ILS24-F00050-0001,Historical savings deposit (Ilboru workbook)
ILS24-F00050,2024-04-10,130000,mkoba,SAV-ILS24-F00050-0002,Historical savings deposit (Ilboru workbook)
ILS24-F00050,2024-08-20,80000,mkoba,SAV-ILS24-F00050-0003,Historical savings deposit (Ilboru workbook)
ILS24-F00050,2024-08-25,270000,mkoba,SAV-ILS24-F00050-0004,Historical savings deposit (Ilboru workbook)
ILS24-F00050,2024-08-26,230000,mkoba,SAV-ILS24-F00050-0005,Historical savings deposit (Ilboru workbook)
ILS24-F00050,2026-03-12,500000,nmb,SAV-ILS24-F00050-0006,Historical savings deposit (Ilboru workbook)
ILS24-F00051,2024-03-12,50000,mkoba,SAV-ILS24-F00051-0001,Historical savings deposit (Ilboru workbook)
ILS24-F00051,2026-03-18,1000000,nmb,SAV-ILS24-F00051-0002,Historical savings deposit (Ilboru workbook)
ILS24-F00051,2026-03-18,150000,nmb,SAV-ILS24-F00051-0003,Historical savings deposit (Ilboru workbook)
ILS24-F00051,2026-04-14,100000,nmb,SAV-ILS24-F00051-0004,Historical savings deposit (Ilboru workbook)
ILS24-F00052,2024-03-06,50000,mkoba,SAV-ILS24-F00052-0001,Historical savings deposit (Ilboru workbook)
ILS24-F00052,2026-03-25,700000,nmb,SAV-ILS24-F00052-0002,Historical savings deposit (Ilboru workbook)
ILS24-F00052,2026-05-10,1000000,nmb,SAV-ILS24-F00052-0003,Historical savings deposit (Ilboru workbook)
ILS24-F00053,2024-03-04,100000,mkoba,SAV-ILS24-F00053-0001,Historical savings deposit (Ilboru workbook)
ILS24-F00053,2024-04-27,100000,mkoba,SAV-ILS24-F00053-0002,Historical savings deposit (Ilboru workbook)
ILS24-F00053,2026-03-23,1000000,nmb,SAV-ILS24-F00053-0003,Historical savings deposit (Ilboru workbook)
ILS24-F00054,2024-03-09,120000,mkoba,SAV-ILS24-F00054-0001,Historical savings deposit (Ilboru workbook)
ILS24-F00054,2026-02-27,300000,nmb,SAV-ILS24-F00054-0002,Historical savings deposit (Ilboru workbook)
ILS24-F00054,2026-03-24,520000,nmb,SAV-ILS24-F00054-0003,Historical savings deposit (Ilboru workbook)
ILS24-F00054,2026-03-24,75000,nmb,SAV-ILS24-F00054-0004,Historical savings deposit (Ilboru workbook)
ILS24-F00054,2026-04-10,1000000,nmb,SAV-ILS24-F00054-0005,Historical savings deposit (Ilboru workbook)
ILS24-F00054,2026-04-10,1100000,nmb,SAV-ILS24-F00054-0006,Historical savings deposit (Ilboru workbook)
ILS24-F00054,2026-04-10,200000,nmb,SAV-ILS24-F00054-0007,Historical savings deposit (Ilboru workbook)
ILS24-F00054,2026-05-01,50000,nmb,SAV-ILS24-F00054-0008,Historical savings deposit (Ilboru workbook)
ILS24-F00054,2026-05-12,150000,nmb,SAV-ILS24-F00054-0009,Historical savings deposit (Ilboru workbook)
ILS24-F00055,2024-04-02,100000,mkoba,SAV-ILS24-F00055-0001,Historical savings deposit (Ilboru workbook)
ILS24-F00056,2024-03-05,100000,mkoba,SAV-ILS24-F00056-0001,Historical savings deposit (Ilboru workbook)
ILS24-F00057,2024-03-05,100000,mkoba,SAV-ILS24-F00057-0001,Historical savings deposit (Ilboru workbook)
ILS24-F00057,2026-03-23,3000000,nmb,SAV-ILS24-F00057-0002,Historical savings deposit (Ilboru workbook)
ILS24-F00057,2026-05-22,300000,nmb,SAV-ILS24-F00057-0003,Historical savings deposit (Ilboru workbook)
ILS24-F00058,2024-03-02,60000,mkoba,SAV-ILS24-F00058-0001,Historical savings deposit (Ilboru workbook)
ILS24-F00058,2024-05-29,100000,mkoba,SAV-ILS24-F00058-0002,Historical savings deposit (Ilboru workbook)
ILS24-F00059,2024-03-06,100000,mkoba,SAV-ILS24-F00059-0001,Historical savings deposit (Ilboru workbook)
ILS24-F00059,2026-03-28,900000,nmb,SAV-ILS24-F00059-0002,Historical savings deposit (Ilboru workbook)
ILS24-F00060,2024-03-04,100000,mkoba,SAV-ILS24-F00060-0001,Historical savings deposit (Ilboru workbook)
ILS24-F00061,2026-03-02,5000000,nmb,SAV-ILS24-F00061-0001,Historical savings deposit (Ilboru workbook)
ILS24-F00061,2026-03-12,5000000,nmb,SAV-ILS24-F00061-0002,Historical savings deposit (Ilboru workbook)
ILS24-F00061,2026-03-17,1000000,nmb,SAV-ILS24-F00061-0003,Historical savings deposit (Ilboru workbook)
ILS24-F00061,2026-03-17,3500000,nmb,SAV-ILS24-F00061-0004,Historical savings deposit (Ilboru workbook)
ILS24-F00061,2026-03-19,2500000,nmb,SAV-ILS24-F00061-0005,Historical savings deposit (Ilboru workbook)
ILS24-F00061,2026-03-19,1500000,nmb,SAV-ILS24-F00061-0006,Historical savings deposit (Ilboru workbook)
ILS24-F00061,2026-03-24,500000,nmb,SAV-ILS24-F00061-0007,Historical savings deposit (Ilboru workbook)
ILS24-F00061,2026-03-27,1500000,nmb,SAV-ILS24-F00061-0008,Historical savings deposit (Ilboru workbook)
ILS24-F00061,2026-03-31,5000000,nmb,SAV-ILS24-F00061-0009,Historical savings deposit (Ilboru workbook)
ILS24-F00061,2026-04-15,1254480,nmb,SAV-ILS24-F00061-0010,Historical savings deposit (Ilboru workbook)
ILS24-F00061,2026-04-16,997792,nmb,SAV-ILS24-F00061-0011,Historical savings deposit (Ilboru workbook)
ILS24-F00061,2026-04-16,1000000,nmb,SAV-ILS24-F00061-0012,Historical savings deposit (Ilboru workbook)
ILS24-F00061,2026-04-25,1500000,nmb,SAV-ILS24-F00061-0013,Historical savings deposit (Ilboru workbook)
ILS24-F00061,2026-04-28,2500000,nmb,SAV-ILS24-F00061-0014,Historical savings deposit (Ilboru workbook)
ILS24-F00061,2026-04-30,3500000,nmb,SAV-ILS24-F00061-0015,Historical savings deposit (Ilboru workbook)
ILS24-F00061,2026-05-11,1299865,nmb,SAV-ILS24-F00061-0016,Historical savings deposit (Ilboru workbook)
ILS24-F00061,2026-05-27,2000000,nmb,SAV-ILS24-F00061-0017,Historical savings deposit (Ilboru workbook)
ILS24-F00061,2026-05-28,3000000,nmb,SAV-ILS24-F00061-0018,Historical savings deposit (Ilboru workbook)
ILS24-F00062,2026-03-12,3000000,nmb,SAV-ILS24-F00062-0001,Historical savings deposit (Ilboru workbook)
ILS24-F00062,2026-03-12,300000,nmb,SAV-ILS24-F00062-0002,Historical savings deposit (Ilboru workbook)
ILS24-F00062,2026-05-04,200000,nmb,SAV-ILS24-F00062-0003,Historical savings deposit (Ilboru workbook)
ILS24-F00062,2026-05-16,510000,nmb,SAV-ILS24-F00062-0004,Historical savings deposit (Ilboru workbook)
ILS24-F00063,2026-03-12,3000000,nmb,SAV-ILS24-F00063-0001,Historical savings deposit (Ilboru workbook)
ILS24-F00063,2026-04-30,3000000,nmb,SAV-ILS24-F00063-0002,Historical savings deposit (Ilboru workbook)
ILS24-F00064,2026-03-15,3000000,nmb,SAV-ILS24-F00064-0001,Historical savings deposit (Ilboru workbook)
ILS24-F00064,2026-03-15,1000000,nmb,SAV-ILS24-F00064-0002,Historical savings deposit (Ilboru workbook)
ILS24-F00064,2026-04-29,1000000,nmb,SAV-ILS24-F00064-0003,Historical savings deposit (Ilboru workbook)
ILS24-F00065,2026-03-16,1200000,nmb,SAV-ILS24-F00065-0001,Historical savings deposit (Ilboru workbook)
ILS24-F00065,2026-03-16,1800000,nmb,SAV-ILS24-F00065-0002,Historical savings deposit (Ilboru workbook)
ILS24-F00065,2026-04-15,500000,nmb,SAV-ILS24-F00065-0003,Historical savings deposit (Ilboru workbook)
ILS24-F00065,2026-04-16,300000,nmb,SAV-ILS24-F00065-0004,Historical savings deposit (Ilboru workbook)
ILS24-F00065,2026-04-29,2200000,nmb,SAV-ILS24-F00065-0005,Historical savings deposit (Ilboru workbook)
ILS24-F00065,2026-05-07,1037732,nmb,SAV-ILS24-F00065-0006,Historical savings deposit (Ilboru workbook)
ILS24-F00066,2026-03-19,5000000,nmb,SAV-ILS24-F00066-0001,Historical savings deposit (Ilboru workbook)
ILS24-F00066,2026-04-10,5000000,nmb,SAV-ILS24-F00066-0002,Historical savings deposit (Ilboru workbook)
ILS24-F00067,2026-03-18,200000,nmb,SAV-ILS24-F00067-0001,Historical savings deposit (Ilboru workbook)
ILS24-F00067,2026-03-18,300000,nmb,SAV-ILS24-F00067-0002,Historical savings deposit (Ilboru workbook)
ILS24-F00067,2026-03-18,2600000,nmb,SAV-ILS24-F00067-0003,Historical savings deposit (Ilboru workbook)
ILS24-F00067,2026-04-30,100000,nmb,SAV-ILS24-F00067-0004,Historical savings deposit (Ilboru workbook)
ILS24-F00067,2026-05-29,150000,nmb,SAV-ILS24-F00067-0005,Historical savings deposit (Ilboru workbook)
ILS24-F00068,2026-03-25,5000000,nmb,SAV-ILS24-F00068-0001,Historical savings deposit (Ilboru workbook)
ILS24-F00068,2026-04-16,3000000,nmb,SAV-ILS24-F00068-0002,Historical savings deposit (Ilboru workbook)
ILS24-F00068,2026-05-10,5907261,nmb,SAV-ILS24-F00068-0003,Historical savings deposit (Ilboru workbook)
ILS24-F00069,2026-03-30,3000000,nmb,SAV-ILS24-F00069-0001,Historical savings deposit (Ilboru workbook)
ILS24-F00069,2026-05-01,200000,nmb,SAV-ILS24-F00069-0002,Historical savings deposit (Ilboru workbook)
ILS24-F00070,2026-03-31,3000000,nmb,SAV-ILS24-F00070-0001,Historical savings deposit (Ilboru workbook)
ILS24-F00070,2026-04-25,1000000,nmb,SAV-ILS24-F00070-0002,Historical savings deposit (Ilboru workbook)
ILS24-F00070,2026-05-20,3000000,nmb,SAV-ILS24-F00070-0003,Historical savings deposit (Ilboru workbook)
ILS24-F00071,2026-03-31,3000000,nmb,SAV-ILS24-F00071-0001,Historical savings deposit (Ilboru workbook)
ILS24-F00071,2026-04-01,100000,nmb,SAV-ILS24-F00071-0002,Historical savings deposit (Ilboru workbook)
ILS24-F00071,2026-04-01,100000,nmb,SAV-ILS24-F00071-0003,Historical savings deposit (Ilboru workbook)
ILS24-F00071,2026-04-28,1100000,nmb,SAV-ILS24-F00071-0004,Historical savings deposit (Ilboru workbook)
ILS24-F00071,2026-05-04,300000,nmb,SAV-ILS24-F00071-0005,Historical savings deposit (Ilboru workbook)
ILS24-F00071,2026-05-08,600000,nmb,SAV-ILS24-F00071-0006,Historical savings deposit (Ilboru workbook)
ILS24-F00072,2026-03-31,3200000,nmb,SAV-ILS24-F00072-0001,Historical savings deposit (Ilboru workbook)
ILS24-F00073,2026-04-16,3300000,nmb,SAV-ILS24-F00073-0001,Historical savings deposit (Ilboru workbook)
ILS24-F00074,2026-04-17,3200000,nmb,SAV-ILS24-F00074-0001,Historical savings deposit (Ilboru workbook)
ILS24-F00075,2026-04-10,1000000,nmb,SAV-ILS24-F00075-0001,Historical savings deposit (Ilboru workbook)
ILS24-F00075,2026-04-11,1000000,nmb,SAV-ILS24-F00075-0002,Historical savings deposit (Ilboru workbook)
ILS24-F00075,2026-04-17,500000,nmb,SAV-ILS24-F00075-0003,Historical savings deposit (Ilboru workbook)
ILS24-F00075,2026-04-18,1700000,nmb,SAV-ILS24-F00075-0004,Historical savings deposit (Ilboru workbook)
ILS24-F00075,2026-05-06,4000000,nmb,SAV-ILS24-F00075-0005,Historical savings deposit (Ilboru workbook)
ILS24-F00075,2026-05-15,1000000,nmb,SAV-ILS24-F00075-0006,Historical savings deposit (Ilboru workbook)
ILS24-F00075,2026-05-15,500000,nmb,SAV-ILS24-F00075-0007,Historical savings deposit (Ilboru workbook)
ILS24-F00075,2026-05-25,500000,nmb,SAV-ILS24-F00075-0008,Historical savings deposit (Ilboru workbook)
ILS24-F00076,2026-04-23,2000000,nmb,SAV-ILS24-F00076-0001,Historical savings deposit (Ilboru workbook)
ILS24-F00076,2026-04-29,1200000,nmb,SAV-ILS24-F00076-0002,Historical savings deposit (Ilboru workbook)
ILS24-F00077,2026-04-04,1000000,nmb,SAV-ILS24-F00077-0001,Historical savings deposit (Ilboru workbook)
ILS24-F00078,2026-04-28,1000000,nmb,SAV-ILS24-F00078-0001,Historical savings deposit (Ilboru workbook)
ILS24-F00078,2026-05-20,2300000,nmb,SAV-ILS24-F00078-0002,Historical savings deposit (Ilboru workbook)
ILS24-F00079,2026-04-29,4200000,nmb,SAV-ILS24-F00079-0001,Historical savings deposit (Ilboru workbook)
ILS24-F00079,2026-04-30,2500000,nmb,SAV-ILS24-F00079-0002,Historical savings deposit (Ilboru workbook)
ILS24-F00079,2026-05-07,1000000,nmb,SAV-ILS24-F00079-0003,Historical savings deposit (Ilboru workbook)
ILS24-F00079,2026-05-14,1000000,nmb,SAV-ILS24-F00079-0004,Historical savings deposit (Ilboru workbook)
ILS24-F00079,2026-05-15,2000000,nmb,SAV-ILS24-F00079-0005,Historical savings deposit (Ilboru workbook)
ILS24-F00080,2026-05-07,300000,nmb,SAV-ILS24-F00080-0001,Historical savings deposit (Ilboru workbook)
ILS24-F00080,2026-05-11,100000,nmb,SAV-ILS24-F00080-0002,Historical savings deposit (Ilboru workbook)
ILS24-F00080,2026-05-15,100000,nmb,SAV-ILS24-F00080-0003,Historical savings deposit (Ilboru workbook)
ILS24-F00081,2026-05-10,3200000,nmb,SAV-ILS24-F00081-0001,Historical savings deposit (Ilboru workbook)
ILS24-F00081,2026-05-12,2150000,nmb,SAV-ILS24-F00081-0002,Historical savings deposit (Ilboru workbook)
ILS24-F00081,2026-05-15,2000000,nmb,SAV-ILS24-F00081-0003,Historical savings deposit (Ilboru workbook)
ILS24-F00082,2026-05-12,3200000,nmb,SAV-ILS24-F00082-0001,Historical savings deposit (Ilboru workbook)
ILS24-F00082,2026-05-23,1000000,nmb,SAV-ILS24-F00082-0002,Historical savings deposit (Ilboru workbook)
ILS24-F00083,2026-05-12,3500000,nmb,SAV-ILS24-F00083-0001,Historical savings deposit (Ilboru workbook)
ILS24-F00083,2026-05-18,300000,nmb,SAV-ILS24-F00083-0002,Historical savings deposit (Ilboru workbook)
ILS24-F00083,2026-05-12,200000,nmb,SAV-ILS24-F00083-0003,Historical savings deposit (Ilboru workbook)
ILS24-F00083,2026-05-25,400000,nmb,SAV-ILS24-F00083-0004,Historical savings deposit (Ilboru workbook)
ILS24-F00084,2026-05-13,1300000,nmb,SAV-ILS24-F00084-0001,Historical savings deposit (Ilboru workbook)
ILS24-F00085,2026-05-13,300000,nmb,SAV-ILS24-F00085-0001,Historical savings deposit (Ilboru workbook)
ILS24-F00085,2026-05-29,200000,nmb,SAV-ILS24-F00085-0002,Historical savings deposit (Ilboru workbook)
ILS24-F00086,2026-05-17,3200000,nmb,SAV-ILS24-F00086-0001,Historical savings deposit (Ilboru workbook)
ILS24-F00086,2026-05-25,300000,nmb,SAV-ILS24-F00086-0002,Historical savings deposit (Ilboru workbook)
ILS24-F00087,2026-05-15,3200000,nmb,SAV-ILS24-F00087-0001,Historical savings deposit (Ilboru workbook)
ILS24-F00088,2026-05-20,1200000,nmb,SAV-ILS24-F00088-0001,Historical savings deposit (Ilboru workbook)
ILS24-F00088,2026-05-22,700000,nmb,SAV-ILS24-F00088-0002,Historical savings deposit (Ilboru workbook)
ILS24-F00088,2026-05-24,500000,nmb,SAV-ILS24-F00088-0003,Historical savings deposit (Ilboru workbook)
ILS24-F00088,2026-05-24,1000000,nmb,SAV-ILS24-F00088-0004,Historical savings deposit (Ilboru workbook)
ILS24-F00088,2026-05-29,600000,nmb,SAV-ILS24-F00088-0005,Historical savings deposit (Ilboru workbook)
ILS24-F00089,2026-05-22,5000000,nmb,SAV-ILS24-F00089-0001,Historical savings deposit (Ilboru workbook)
ILS24-F00090,2026-05-28,3300000,nmb,SAV-ILS24-F00090-0001,Historical savings deposit (Ilboru workbook)
ILS24-F00091,2026-05-28,3800000,nmb,SAV-ILS24-F00091-0001,Historical savings deposit (Ilboru workbook)
