full_name,email,phone,member_no,national_id,branch_code,status,opening_savings,opening_shares,opening_savings_date,opening_shares_date,withdrawal_amount,withdrawal_date,notes,loan_id,loan_amount,monthly_interest_rate,term_months,loan_status,loan_disbursed_at,repayment_amount,repayment_date
Amina Msuya,amina.msuya1@saccos.local,+255720000541,SC25-00001,19780204100006137,,active,512000,328000,2025-04-03T10:15:00Z,2025-05-05T11:15:00Z,,,Contribution-focused member building share capital for dividend eligibility,,,,,,,,
Baraka Mtui,baraka.mtui2@saccos.local,+255720001082,SC25-00002,19790307100012274,,active,456000,140000,2025-05-05T11:15:00Z,2025-06-09T10:15:00Z,42000,2026-03-11T13:15:00Z,Savings member with regular withdrawals and healthy account activity,,,,,,,,
Chausiku Ngowi,chausiku.ngowi3@saccos.local,+255720001623,SC25-00003,19800410100018411,,active,534000,185000,2025-06-07T09:15:00Z,2025-07-13T11:15:00Z,50500,2026-01-16T11:15:00Z,"Borrowing member with active loan, savings trail, and scheduled repayments",LN-00003,1500000,1,9,active,2025-09-23T09:15:00Z,165000,2026-02-11T10:15:00Z
Daudi Mkenda,daudi.mkenda4@saccos.local,+255720002164,SC25-00004,19810513100024548,,active,612000,230000,2025-07-09T10:15:00Z,2025-08-17T10:15:00Z,59000,2026-02-21T12:15:00Z,"High-value loan member useful for portfolio, PAR, and auditor review",LN-00004,5000000,0.8333,18,active,2025-10-07T09:15:00Z,220000,2026-03-14T10:15:00Z
Esther Komba,esther.komba5@saccos.local,+255720002705,SC25-00005,19820616100030685,,active,690000,275000,2025-08-11T11:15:00Z,2025-09-21T11:15:00Z,67500,2026-03-02T13:15:00Z,"Member with savings, shares, withdrawals, and moderate loan activity",LN-00005,1450000,1,12,active,2025-11-14T09:15:00Z,90000,2026-01-17T10:15:00Z
Faraji Moshi,faraji.moshi6@saccos.local,+255720003246,SC25-00006,19830719100036822,,suspended,550000,162000,2025-09-13T09:15:00Z,2025-10-25T10:15:00Z,76000,2026-01-07T11:15:00Z,Suspended member retained for lifecycle and governance testing,,,,,,,,
Grace Mkumbo,grace.mkumbo7@saccos.local,+255720003787,SC25-00007,19840822100042959,,active,846000,365000,2025-10-15T10:15:00Z,2025-11-04T11:15:00Z,,,Savings-only member with stable balances and no borrowing yet,,,,,,,,
Hassan Mtei,hassan.mtei8@saccos.local,+255720004328,SC25-00008,19850925100049096,,active,946000,524000,2025-11-17T11:15:00Z,2025-12-08T10:15:00Z,,,Contribution-focused member building share capital for dividend eligibility,,,,,,,,
Irene Rehema Mollel,irene.mollel9@saccos.local,+255720004869,SC25-00009,19861028100055233,,active,1002000,455000,2025-12-19T09:15:00Z,2026-01-12T11:15:00Z,101500,2026-01-22T11:15:00Z,Savings member with regular withdrawals and healthy account activity,,,,,,,,
Juma Nkwabi,juma.nkwabi10@saccos.local,+255720005410,SC25-00010,19871103100061370,,active,1080000,520000,2026-01-21T10:15:00Z,2026-02-16T10:15:00Z,110000,2026-02-03T12:15:00Z,"Borrowing member with active loan, savings trail, and scheduled repayments",LN-00010,1700000,1,9,active,2025-09-03T09:15:00Z,90000,2026-03-09T10:15:00Z
Kelvin Kasambala,kelvin.kasambala11@saccos.local,+255720005951,SC25-00011,19881206100067507,,active,1158000,565000,2026-02-23T11:15:00Z,2026-03-20T11:15:00Z,118500,2026-03-08T13:15:00Z,"High-value loan member useful for portfolio, PAR, and auditor review",LN-00011,3500000,0.8333,18,active,2025-10-10T09:15:00Z,310000,2026-01-12T10:15:00Z
Lilian Manyama,lilian.manyama12@saccos.local,+255720006492,SC25-00012,19890109100073644,,active,1236000,70000,2026-03-25T09:15:00Z,2026-03-24T10:15:00Z,127000,2026-01-13T11:15:00Z,"Member with savings, shares, withdrawals, and moderate loan activity",LN-00012,1200000,1,12,active,2025-11-17T09:15:00Z,140000,2026-02-15T10:15:00Z
Mariam Mponzi,mariam.mponzi13@saccos.local,+255720007033,SC25-00013,19900212100079781,,suspended,865000,246000,2025-04-02T10:15:00Z,2025-05-03T11:15:00Z,135500,2026-02-18T12:15:00Z,Suspended member retained for lifecycle and governance testing,,,,,,,,
Neema Ndosi,neema.ndosi14@saccos.local,+255720007574,SC25-00014,19910315100085918,,active,1392000,160000,2025-05-04T11:15:00Z,2025-06-07T10:15:00Z,,,Savings-only member with stable balances and no borrowing yet,,,,,,,,
Omary Mfaume,omary.mfaume15@saccos.local,+255720008115,SC25-00015,19920418100092055,,active,1380000,720000,2025-06-06T09:15:00Z,2025-07-11T11:15:00Z,,,Contribution-focused member building share capital for dividend eligibility,,,,,,,,
Paulina Mlimbila,paulina.mlimbila16@saccos.local,+255720008656,SC25-00016,19930521100098192,,active,1548000,250000,2025-07-08T10:15:00Z,2025-08-15T10:15:00Z,161000,2026-02-09T12:15:00Z,Savings member with regular withdrawals and healthy account activity,,,,,,,,
Rehema Kimaro,rehema.kimaro17@saccos.local,+255720009197,SC25-00017,19940624100104329,,active,1626000,295000,2025-08-10T11:15:00Z,2025-09-19T11:15:00Z,169500,2026-03-14T13:15:00Z,"Borrowing member with active loan, savings trail, and scheduled repayments",LN-00017,1900000,1,9,active,2025-09-06T09:15:00Z,140000,2026-01-07T10:15:00Z
Salum Brenda Mrema,salum.mrema18@saccos.local,+255720009738,SC25-00018,19950727100110466,,active,1704000,340000,2025-09-12T09:15:00Z,2025-10-23T10:15:00Z,178000,2026-01-19T11:15:00Z,"High-value loan member useful for portfolio, PAR, and auditor review",LN-00018,4500000,0.8333,18,active,2025-10-13T09:15:00Z,280000,2026-02-10T10:15:00Z
Tumaini Massawe,tumaini.massawe19@saccos.local,+255720010279,SC25-00019,19960802100116603,,active,1782000,385000,2025-10-14T10:15:00Z,2025-11-02T11:15:00Z,186500,2026-02-24T12:15:00Z,"Member with savings, shares, withdrawals, and moderate loan activity",LN-00019,1950000,1,12,active,2025-11-20T09:15:00Z,190000,2026-03-13T10:15:00Z
Upendo Maro,upendo.maro20@saccos.local,+255720010820,SC25-00020,19970905100122740,,suspended,1180000,330000,2025-11-16T11:15:00Z,2025-12-06T10:15:00Z,195000,2026-03-05T13:15:00Z,Suspended member retained for lifecycle and governance testing,,,,,,,,
Vicky Mwakalebela,vicky.mwakalebela21@saccos.local,+255720011361,SC25-00021,19981008100128877,,active,1938000,495000,2025-12-18T09:15:00Z,2026-01-10T11:15:00Z,,,Savings-only member with stable balances and no borrowing yet,,,,,,,,
William Mhando,william.mhando22@saccos.local,+255720011902,SC25-00022,19991111100135014,,active,1814000,916000,2026-01-20T10:15:00Z,2026-02-14T10:15:00Z,,,Contribution-focused member building share capital for dividend eligibility,,,,,,,,
Yohana Mushi,yohana.mushi23@saccos.local,+255720012443,SC25-00023,20001214100141151,,active,2094000,585000,2026-02-22T11:15:00Z,2026-03-18T11:15:00Z,220500,2026-03-20T13:15:00Z,Savings member with regular withdrawals and healthy account activity,,,,,,,,
Zawadi Sanga,zawadi.sanga24@saccos.local,+255720012984,SC25-00024,20010117100147288,,active,2172000,90000,2026-03-24T09:15:00Z,2026-03-22T10:15:00Z,229000,2026-01-01T11:15:00Z,"Borrowing member with active loan, savings trail, and scheduled repayments",LN-00024,900000,1,9,active,2025-09-09T09:15:00Z,190000,2026-02-05T10:15:00Z
Abdallah Mchome,abdallah.mchome25@saccos.local,+255720013525,SC25-00025,20020220100153425,,active,2250000,135000,2025-04-01T10:15:00Z,2025-05-01T11:15:00Z,237500,2026-02-06T12:15:00Z,"High-value loan member useful for portfolio, PAR, and auditor review",LN-00025,3000000,0.8333,18,active,2025-10-16T09:15:00Z,250000,2026-03-08T10:15:00Z
Brenda Mallya,brenda.mallya26@saccos.local,+255720014066,SC25-00026,20030323100159562,,active,2328000,180000,2025-05-03T11:15:00Z,2025-06-05T10:15:00Z,246000,2026-03-11T13:15:00Z,"Member with savings, shares, withdrawals, and moderate loan activity",LN-00026,1700000,1,12,active,2025-11-23T09:15:00Z,115000,2026-01-11T10:15:00Z
Catherine Khadija Msuya,catherine.msuya27@saccos.local,+255720014607,SC25-00027,19770426100165699,,suspended,1495000,414000,2025-06-05T09:15:00Z,2025-07-09T11:15:00Z,254500,2026-01-16T11:15:00Z,Suspended member retained for lifecycle and governance testing,,,,,,,,
Dotto Mtui,dotto.mtui28@saccos.local,+255720015148,SC25-00028,19780501100171836,,active,2484000,270000,2025-07-07T10:15:00Z,2025-08-13T10:15:00Z,,,Savings-only member with stable balances and no borrowing yet,,,,,,,,
Edina Ngowi,edina.ngowi29@saccos.local,+255720015689,SC25-00029,19790604100177973,,active,2248000,1112000,2025-08-09T11:15:00Z,2025-09-17T11:15:00Z,,,Contribution-focused member building share capital for dividend eligibility,,,,,,,,
Fabian Mkenda,fabian.mkenda30@saccos.local,+255720016230,SC25-00030,19800707100184110,,active,2640000,380000,2025-09-11T09:15:00Z,2025-10-21T10:15:00Z,280000,2026-01-07T11:15:00Z,Savings member with regular withdrawals and healthy account activity,,,,,,,,
George Komba,george.komba31@saccos.local,+255720016771,SC25-00031,19810810100190247,,active,2718000,425000,2025-10-13T10:15:00Z,2025-11-25T11:15:00Z,288500,2026-02-12T12:15:00Z,"Borrowing member with active loan, savings trail, and scheduled repayments",LN-00031,1100000,1,9,active,2025-09-12T09:15:00Z,115000,2026-03-03T10:15:00Z
Halima Moshi,halima.moshi32@saccos.local,+255720017312,SC25-00032,19820913100196384,,active,2796000,470000,2025-11-15T11:15:00Z,2025-12-04T10:15:00Z,297000,2026-03-17T13:15:00Z,"High-value loan member useful for portfolio, PAR, and auditor review",LN-00032,4000000,0.8333,18,active,2025-10-19T09:15:00Z,220000,2026-01-06T10:15:00Z
Imani Mkumbo,imani.mkumbo33@saccos.local,+255720017853,SC25-00033,19831016100202521,,active,2874000,515000,2025-12-17T09:15:00Z,2026-01-08T11:15:00Z,305500,2026-01-22T11:15:00Z,"Member with savings, shares, withdrawals, and moderate loan activity",LN-00033,1450000,1,12,active,2025-11-03T09:15:00Z,165000,2026-02-09T10:15:00Z
Janeth Mtei,janeth.mtei34@saccos.local,+255720018394,SC25-00034,19841119100208658,,suspended,1810000,498000,2026-01-19T10:15:00Z,2026-02-12T10:15:00Z,314000,2026-02-03T12:15:00Z,Suspended member retained for lifecycle and governance testing,,,,,,,,
Khadija Mollel,khadija.mollel35@saccos.local,+255720018935,SC25-00035,19851222100214795,,active,3030000,605000,2026-02-21T11:15:00Z,2026-03-16T11:15:00Z,,,Savings-only member with stable balances and no borrowing yet,,,,,,,,
Leah Thomas Nkwabi,leah.nkwabi36@saccos.local,+255720019476,SC25-00036,19860125100220932,,active,2682000,1308000,2026-03-23T09:15:00Z,2026-03-20T10:15:00Z,,,Contribution-focused member building share capital for dividend eligibility,,,,,,,,
Moses Kasambala,moses.kasambala37@saccos.local,+255720020017,SC25-00037,19870228100227069,,active,3186000,155000,2025-04-25T10:15:00Z,2025-05-24T11:15:00Z,339500,2026-02-18T12:15:00Z,Savings member with regular withdrawals and healthy account activity,,,,,,,,
Nasra Manyama,nasra.manyama38@saccos.local,+255720020558,SC25-00038,19880303100233206,,active,3264000,200000,2025-05-02T11:15:00Z,2025-06-03T10:15:00Z,348000,2026-03-23T13:15:00Z,"Borrowing member with active loan, savings trail, and scheduled repayments",LN-00038,1300000,1,9,active,2025-09-15T09:15:00Z,165000,2026-01-24T10:15:00Z
Oscar Mponzi,oscar.mponzi39@saccos.local,+255720021099,SC25-00039,19890406100239343,,active,3342000,245000,2025-06-04T09:15:00Z,2025-07-07T11:15:00Z,356500,2026-01-04T11:15:00Z,"High-value loan member useful for portfolio, PAR, and auditor review",LN-00039,5000000,0.8333,18,active,2025-10-22T09:15:00Z,310000,2026-02-04T10:15:00Z
Prisca Ndosi,prisca.ndosi40@saccos.local,+255720021640,SC25-00040,19900509100245480,,active,3420000,310000,2025-07-06T10:15:00Z,2025-08-11T10:15:00Z,365000,2026-02-09T12:15:00Z,"Member with savings, shares, withdrawals, and moderate loan activity",LN-00040,1200000,1,12,active,2025-11-06T09:15:00Z,90000,2026-03-07T10:15:00Z
Queen Mfaume,queen.mfaume41@saccos.local,+255720022181,SC25-00041,19910612100251617,,suspended,2125000,582000,2025-08-08T11:15:00Z,2025-09-15T11:15:00Z,373500,2026-03-14T13:15:00Z,Suspended member retained for lifecycle and governance testing,,,,,,,,
Robert Mlimbila,robert.mlimbila42@saccos.local,+255720022722,SC25-00042,19920715100257754,,active,3576000,400000,2025-09-10T09:15:00Z,2025-10-19T10:15:00Z,,,Savings-only member with stable balances and no borrowing yet,,,,,,,,
Sophia Kimaro,sophia.kimaro43@saccos.local,+255720023263,SC25-00043,19930818100263891,,active,3116000,1504000,2025-10-12T10:15:00Z,2025-11-23T11:15:00Z,,,Contribution-focused member building share capital for dividend eligibility,,,,,,,,
Thomas Mrema,thomas.mrema44@saccos.local,+255720023804,SC25-00044,19940921100270028,,active,3732000,490000,2025-11-14T11:15:00Z,2025-12-02T10:15:00Z,399000,2026-03-05T13:15:00Z,Savings member with regular withdrawals and healthy account activity,,,,,,,,
Victor Elina Massawe,victor.massawe45@saccos.local,+255720024345,SC25-00045,19951024100276165,,active,3810000,535000,2025-12-16T09:15:00Z,2026-01-06T11:15:00Z,407500,2026-01-10T11:15:00Z,"Borrowing member with active loan, savings trail, and scheduled repayments",LN-00045,1500000,1,9,active,2025-09-18T09:15:00Z,90000,2026-02-22T10:15:00Z
Witness Maro,witness.maro46@saccos.local,+255720024886,SC25-00046,19961127100282302,,active,3888000,580000,2026-01-18T10:15:00Z,2026-02-10T10:15:00Z,416000,2026-02-15T12:15:00Z,"High-value loan member useful for portfolio, PAR, and auditor review",LN-00046,3500000,0.8333,18,active,2025-10-02T09:15:00Z,280000,2026-03-02T10:15:00Z
Yusuph Mwakalebela,yusuph.mwakalebela47@saccos.local,+255720025427,SC25-00047,19971202100288439,,active,3966000,625000,2026-02-20T11:15:00Z,2026-03-14T11:15:00Z,424500,2026-03-20T13:15:00Z,"Member with savings, shares, withdrawals, and moderate loan activity",LN-00047,1950000,1,12,active,2025-11-09T09:15:00Z,140000,2026-01-05T10:15:00Z
Zubeda Mhando,zubeda.mhando48@saccos.local,+255720025968,SC25-00048,19980105100294576,,suspended,2440000,666000,2026-03-22T09:15:00Z,2026-03-18T10:15:00Z,433000,2026-01-01T11:15:00Z,Suspended member retained for lifecycle and governance testing,,,,,,,,
Agnes Mushi,agnes.mushi49@saccos.local,+255720026509,SC25-00049,19990208100300713,,active,4122000,175000,2025-04-24T10:15:00Z,2025-05-22T11:15:00Z,,,Savings-only member with stable balances and no borrowing yet,,,,,,,,
Bakari Sanga,bakari.sanga50@saccos.local,+255720027050,SC25-00050,20000311100306850,,active,3550000,1700000,2025-05-01T11:15:00Z,2025-06-01T10:15:00Z,,,Contribution-focused member building share capital for dividend eligibility,,,,,,,,
Cecilia Mchome,cecilia.mchome51@saccos.local,+255720027591,SC25-00051,20010414100312987,,active,4278000,285000,2025-06-03T09:15:00Z,2025-07-05T11:15:00Z,458500,2026-01-16T11:15:00Z,Savings member with regular withdrawals and healthy account activity,,,,,,,,
Damian Mallya,damian.mallya52@saccos.local,+255720028132,SC25-00052,20020517100319124,,active,4356000,330000,2025-07-05T10:15:00Z,2025-08-09T10:15:00Z,467000,2026-02-21T12:15:00Z,"Borrowing member with active loan, savings trail, and scheduled repayments",LN-00052,1700000,1,9,active,2025-09-21T09:15:00Z,140000,2026-03-20T10:15:00Z
Elina Msuya,elina.msuya53@saccos.local,+255720028673,SC25-00053,20030620100325261,,active,4434000,375000,2025-08-07T11:15:00Z,2025-09-13T11:15:00Z,475500,2026-03-02T13:15:00Z,"High-value loan member useful for portfolio, PAR, and auditor review",LN-00053,4500000,0.8333,18,active,2025-10-05T09:15:00Z,250000,2026-01-23T10:15:00Z
Faustine Chausiku Mtui,faustine.mtui54@saccos.local,+255720029214,SC25-00054,19770723100331398,,active,4512000,420000,2025-09-09T09:15:00Z,2025-10-17T10:15:00Z,484000,2026-01-07T11:15:00Z,"Member with savings, shares, withdrawals, and moderate loan activity",LN-00054,1700000,1,12,active,2025-11-12T09:15:00Z,190000,2026-02-03T10:15:00Z
Glory Ngowi,glory.ngowi55@saccos.local,+255720029755,SC25-00055,19780826100337535,,suspended,2755000,750000,2025-10-11T10:15:00Z,2025-11-21T11:15:00Z,492500,2026-02-12T12:15:00Z,Suspended member retained for lifecycle and governance testing,,,,,,,,
Happy Mkenda,happy.mkenda56@saccos.local,+255720030296,SC25-00056,19790901100343672,,active,4668000,510000,2025-11-13T11:15:00Z,2025-12-25T10:15:00Z,,,Savings-only member with stable balances and no borrowing yet,,,,,,,,
Isack Komba,isack.komba57@saccos.local,+255720030837,SC25-00057,19801004100349809,,active,3984000,1896000,2025-12-15T09:15:00Z,2026-01-04T11:15:00Z,,,Contribution-focused member building share capital for dividend eligibility,,,,,,,,
Jesca Moshi,jesca.moshi58@saccos.local,+255720031378,SC25-00058,19811107100355946,,active,4824000,600000,2026-01-17T10:15:00Z,2026-02-08T10:15:00Z,518000,2026-02-03T12:15:00Z,Savings member with regular withdrawals and healthy account activity,,,,,,,,
Kelvin Mkumbo,kelvin.mkumbo59@saccos.local,+255720031919,SC25-00059,19821210100362083,,active,4902000,645000,2026-02-19T11:15:00Z,2026-03-12T11:15:00Z,526500,2026-03-08T13:15:00Z,"Borrowing member with active loan, savings trail, and scheduled repayments",LN-00059,1900000,1,9,active,2025-09-24T09:15:00Z,190000,2026-01-18T10:15:00Z
Amina Mtei,amina.mtei60@saccos.local,+255720032460,SC25-00060,19830113100368220,,active,4980000,170000,2026-03-21T09:15:00Z,2026-03-16T10:15:00Z,535000,2026-01-13T11:15:00Z,"High-value loan member useful for portfolio, PAR, and auditor review",LN-00060,3000000,0.8333,18,active,2025-10-08T09:15:00Z,220000,2026-02-21T10:15:00Z
Baraka Mollel,baraka.mollel61@saccos.local,+255720033001,SC25-00061,19840216100374357,,active,5058000,215000,2025-04-23T10:15:00Z,2025-05-20T11:15:00Z,543500,2026-02-18T12:15:00Z,"Member with savings, shares, withdrawals, and moderate loan activity",LN-00061,1450000,1,12,active,2025-11-15T09:15:00Z,115000,2026-03-24T10:15:00Z
Chausiku Nkwabi,chausiku.nkwabi62@saccos.local,+255720033542,SC25-00062,19850319100380494,,suspended,3070000,834000,2025-05-25T11:15:00Z,2025-06-24T10:15:00Z,552000,2026-03-23T13:15:00Z,Suspended member retained for lifecycle and governance testing,,,,,,,,
Daudi Lilian Kasambala,daudi.kasambala63@saccos.local,+255720034083,SC25-00063,19860422100386631,,active,5214000,305000,2025-06-02T09:15:00Z,2025-07-03T11:15:00Z,,,Savings-only member with stable balances and no borrowing yet,,,,,,,,
Esther Manyama,esther.manyama64@saccos.local,+255720034624,SC25-00064,19870525100392768,,active,4418000,2092000,2025-07-04T10:15:00Z,2025-08-07T10:15:00Z,,,Contribution-focused member building share capital for dividend eligibility,,,,,,,,
Faraji Mponzi,faraji.mponzi65@saccos.local,+255720035165,SC25-00065,19880628100398905,,active,5370000,395000,2025-08-06T11:15:00Z,2025-09-11T11:15:00Z,577500,2026-03-14T13:15:00Z,Savings member with regular withdrawals and healthy account activity,,,,,,,,
Grace Ndosi,grace.ndosi66@saccos.local,+255720035706,SC25-00066,19890703100405042,,active,5448000,440000,2025-09-08T09:15:00Z,2025-10-15T10:15:00Z,586000,2026-01-19T11:15:00Z,"Borrowing member with active loan, savings trail, and scheduled repayments",LN-00066,900000,1,9,active,2025-09-04T09:15:00Z,115000,2026-02-16T10:15:00Z
Hassan Mfaume,hassan.mfaume67@saccos.local,+255720036247,SC25-00067,19900806100411179,,active,5526000,485000,2025-10-10T10:15:00Z,2025-11-19T11:15:00Z,594500,2026-02-24T12:15:00Z,"High-value loan member useful for portfolio, PAR, and auditor review",LN-00067,4000000,0.8333,18,active,2025-10-11T09:15:00Z,310000,2026-03-19T10:15:00Z
Irene Mlimbila,irene.mlimbila68@saccos.local,+255720036788,SC25-00068,19910909100417316,,active,5604000,530000,2025-11-12T11:15:00Z,2025-12-23T10:15:00Z,603000,2026-03-05T13:15:00Z,"Member with savings, shares, withdrawals, and moderate loan activity",LN-00068,1200000,1,12,active,2025-11-18T09:15:00Z,165000,2026-01-22T10:15:00Z
Juma Kimaro,juma.kimaro69@saccos.local,+255720037329,SC25-00069,19921012100423453,,suspended,3385000,918000,2025-12-14T09:15:00Z,2026-01-02T11:15:00Z,611500,2026-01-10T11:15:00Z,Suspended member retained for lifecycle and governance testing,,,,,,,,
Kelvin Mrema,kelvin.mrema70@saccos.local,+255720037870,SC25-00070,19931115100429590,,active,5760000,640000,2026-01-16T10:15:00Z,2026-02-06T10:15:00Z,,,Savings-only member with stable balances and no borrowing yet,,,,,,,,
Lilian Massawe,lilian.massawe71@saccos.local,+255720038411,SC25-00071,19941218100435727,,active,4852000,2288000,2026-02-18T11:15:00Z,2026-03-10T11:15:00Z,,,Contribution-focused member building share capital for dividend eligibility,,,,,,,,
Mariam Vicky Maro,mariam.maro72@saccos.local,+255720038952,SC25-00072,19950121100441864,,active,5916000,190000,2026-03-20T09:15:00Z,2026-03-14T10:15:00Z,637000,2026-01-01T11:15:00Z,Savings member with regular withdrawals and healthy account activity,,,,,,,,
Neema Mwakalebela,neema.mwakalebela73@saccos.local,+255720039493,SC25-00073,19960224100448001,,active,5994000,235000,2025-04-22T10:15:00Z,2025-05-18T11:15:00Z,645500,2026-02-06T12:15:00Z,"Borrowing member with active loan, savings trail, and scheduled repayments",LN-00073,1100000,1,9,active,2025-09-07T09:15:00Z,165000,2026-03-14T10:15:00Z
Omary Mhando,omary.mhando74@saccos.local,+255720040034,SC25-00074,19970327100454138,,active,6072000,280000,2025-05-24T11:15:00Z,2025-06-22T10:15:00Z,654000,2026-03-11T13:15:00Z,"High-value loan member useful for portfolio, PAR, and auditor review",LN-00074,5000000,0.8333,18,active,2025-10-14T09:15:00Z,280000,2026-01-17T10:15:00Z
Paulina Mushi,paulina.mushi75@saccos.local,+255720040575,SC25-00075,19980402100460275,,active,6150000,325000,2025-06-01T09:15:00Z,2025-07-01T11:15:00Z,662500,2026-01-16T11:15:00Z,"Member with savings, shares, withdrawals, and moderate loan activity",LN-00075,1950000,1,12,active,2025-11-21T09:15:00Z,90000,2026-02-20T10:15:00Z
Rehema Sanga,rehema.sanga76@saccos.local,+255720041116,SC25-00076,19990505100466412,,suspended,3700000,1002000,2025-07-03T10:15:00Z,2025-08-05T10:15:00Z,671000,2026-02-21T12:15:00Z,Suspended member retained for lifecycle and governance testing,,,,,,,,
Salum Mchome,salum.mchome77@saccos.local,+255720041657,SC25-00077,20000608100472549,,active,6306000,415000,2025-08-05T11:15:00Z,2025-09-09T11:15:00Z,,,Savings-only member with stable balances and no borrowing yet,,,,,,,,
Tumaini Mallya,tumaini.mallya78@saccos.local,+255720042198,SC25-00078,20010711100478686,,active,5286000,2484000,2025-09-07T09:15:00Z,2025-10-13T10:15:00Z,,,Contribution-focused member building share capital for dividend eligibility,,,,,,,,
Upendo Msuya,upendo.msuya79@saccos.local,+255720042739,SC25-00079,20020814100484823,,active,6462000,505000,2025-10-09T10:15:00Z,2025-11-17T11:15:00Z,696500,2026-02-12T12:15:00Z,Savings member with regular withdrawals and healthy account activity,,,,,,,,
Vicky Mtui,vicky.mtui80@saccos.local,+255720043280,SC25-00080,20030917100490960,,active,6540000,570000,2025-11-11T11:15:00Z,2025-12-21T10:15:00Z,705000,2026-03-17T13:15:00Z,"Borrowing member with active loan, savings trail, and scheduled repayments",LN-00080,1300000,1,9,active,2025-09-10T09:15:00Z,90000,2026-01-12T10:15:00Z
William Fabian Ngowi,william.ngowi81@saccos.local,+255720043821,SC25-00081,19771020100497097,,active,6618000,615000,2025-12-13T09:15:00Z,2026-01-25T11:15:00Z,713500,2026-01-22T11:15:00Z,"High-value loan member useful for portfolio, PAR, and auditor review",LN-00081,3500000,0.8333,18,active,2025-10-17T09:15:00Z,250000,2026-02-15T10:15:00Z
Yohana Mkenda,yohana.mkenda82@saccos.local,+255720044362,SC25-00082,19781123100503234,,active,6696000,660000,2026-01-15T10:15:00Z,2026-02-04T10:15:00Z,722000,2026-02-03T12:15:00Z,"Member with savings, shares, withdrawals, and moderate loan activity",LN-00082,1700000,1,12,active,2025-11-24T09:15:00Z,140000,2026-03-18T10:15:00Z
Zawadi Komba,zawadi.komba83@saccos.local,+255720044903,SC25-00083,19791226100509371,,suspended,4015000,1086000,2026-02-17T11:15:00Z,2026-03-08T11:15:00Z,730500,2026-03-08T13:15:00Z,Suspended member retained for lifecycle and governance testing,,,,,,,,
Abdallah Moshi,abdallah.moshi84@saccos.local,+255720045444,SC25-00084,19800101100515508,,active,6852000,210000,2026-03-19T09:15:00Z,2026-03-12T10:15:00Z,,,Savings-only member with stable balances and no borrowing yet,,,,,,,,
Brenda Mkumbo,brenda.mkumbo85@saccos.local,+255720045985,SC25-00085,19810204100521645,,active,5720000,2680000,2025-04-21T10:15:00Z,2025-05-16T11:15:00Z,,,Contribution-focused member building share capital for dividend eligibility,,,,,,,,
Catherine Mtei,catherine.mtei86@saccos.local,+255720046526,SC25-00086,19820307100527782,,active,7008000,300000,2025-05-23T11:15:00Z,2025-06-20T10:15:00Z,756000,2026-03-23T13:15:00Z,Savings member with regular withdrawals and healthy account activity,,,,,,,,
Dotto Mollel,dotto.mollel87@saccos.local,+255720047067,SC25-00087,19830410100533919,,active,7086000,345000,2025-06-25T09:15:00Z,2025-07-24T11:15:00Z,764500,2026-01-04T11:15:00Z,"Borrowing member with active loan, savings trail, and scheduled repayments",LN-00087,1500000,1,9,active,2025-09-13T09:15:00Z,140000,2026-02-10T10:15:00Z
Edina Nkwabi,edina.nkwabi88@saccos.local,+255720047608,SC25-00088,19840513100540056,,active,7164000,390000,2025-07-02T10:15:00Z,2025-08-03T10:15:00Z,773000,2026-02-09T12:15:00Z,"High-value loan member useful for portfolio, PAR, and auditor review",LN-00088,4500000,0.8333,18,active,2025-10-20T09:15:00Z,220000,2026-03-13T10:15:00Z
Fabian Kasambala,fabian.kasambala89@saccos.local,+255720048149,SC25-00089,19850616100546193,,active,7242000,435000,2025-08-04T11:15:00Z,2025-09-07T11:15:00Z,781500,2026-03-14T13:15:00Z,"Member with savings, shares, withdrawals, and moderate loan activity",LN-00089,1450000,1,12,active,2025-11-04T09:15:00Z,190000,2026-01-16T10:15:00Z
George Oscar Manyama,george.manyama90@saccos.local,+255720048690,SC25-00090,19860719100552330,,suspended,4330000,1170000,2025-09-06T09:15:00Z,2025-10-11T10:15:00Z,790000,2026-01-19T11:15:00Z,Suspended member retained for lifecycle and governance testing,,,,,,,,
Halima Mponzi,halima.mponzi91@saccos.local,+255720049231,SC25-00091,19870822100558467,,active,7398000,545000,2025-10-08T10:15:00Z,2025-11-15T11:15:00Z,,,Savings-only member with stable balances and no borrowing yet,,,,,,,,
Imani Ndosi,imani.ndosi92@saccos.local,+255720049772,SC25-00092,19880925100564604,,active,6154000,2876000,2025-11-10T11:15:00Z,2025-12-19T10:15:00Z,,,Contribution-focused member building share capital for dividend eligibility,,,,,,,,
Janeth Mfaume,janeth.mfaume93@saccos.local,+255720050313,SC25-00093,19891028100570741,,active,7554000,635000,2025-12-12T09:15:00Z,2026-01-23T11:15:00Z,815500,2026-01-10T11:15:00Z,Savings member with regular withdrawals and healthy account activity,,,,,,,,
Khadija Mlimbila,khadija.mlimbila94@saccos.local,+255720050854,SC25-00094,19901103100576878,,active,7632000,680000,2026-01-14T10:15:00Z,2026-02-02T10:15:00Z,824000,2026-02-15T12:15:00Z,"Borrowing member with active loan, savings trail, and scheduled repayments",LN-00094,1700000,1,9,active,2025-09-16T09:15:00Z,190000,2026-03-08T10:15:00Z
Leah Kimaro,leah.kimaro95@saccos.local,+255720051395,SC25-00095,19911206100583015,,active,7710000,725000,2026-02-16T11:15:00Z,2026-03-06T11:15:00Z,832500,2026-03-20T13:15:00Z,"High-value loan member useful for portfolio, PAR, and auditor review",LN-00095,3000000,0.8333,18,active,2025-10-23T09:15:00Z,310000,2026-01-11T10:15:00Z
Moses Mrema,moses.mrema96@saccos.local,+255720051936,SC25-00096,19920109100589152,,active,7788000,230000,2026-03-18T09:15:00Z,2026-03-10T10:15:00Z,841000,2026-01-01T11:15:00Z,"Member with savings, shares, withdrawals, and moderate loan activity",LN-00096,1200000,1,12,active,2025-11-07T09:15:00Z,115000,2026-02-14T10:15:00Z
Nasra Massawe,nasra.massawe97@saccos.local,+255720052477,SC25-00097,19930212100595289,,suspended,4645000,1254000,2025-04-20T10:15:00Z,2025-05-14T11:15:00Z,849500,2026-02-06T12:15:00Z,Suspended member retained for lifecycle and governance testing,,,,,,,,
Oscar Maro,oscar.maro98@saccos.local,+255720053018,SC25-00098,19940315100601426,,active,7944000,320000,2025-05-22T11:15:00Z,2025-06-18T10:15:00Z,,,Savings-only member with stable balances and no borrowing yet,,,,,,,,
Prisca Zubeda Mwakalebela,prisca.mwakalebela99@saccos.local,+255720053559,SC25-00099,19950418100607563,,active,6588000,3072000,2025-06-24T09:15:00Z,2025-07-22T11:15:00Z,,,Contribution-focused member building share capital for dividend eligibility,,,,,,,,
Queen Mhando,queen.mhando100@saccos.local,+255720054100,SC25-00100,19960521100613700,,active,8100000,430000,2025-07-01T10:15:00Z,2025-08-01T10:15:00Z,875000,2026-02-21T12:15:00Z,Savings member with regular withdrawals and healthy account activity,,,,,,,,
